,title,price,rating,reviews,availability,brand,model,screen_size
0,VW 80 cm (32 inches) Frameless Series HD Ready LED TV VW32A (Black),"6,999",4.2 stars,"7,348 ratings",In stock,32 Inches,Frameless Series,32 Inches
1,Acer 80 cm(32 inches) Advanced N Series HD LED TV AR32NSV53HDFL (Black),"7,999",3.8 out of 5 stars,315 ratings,In stock,32 Inches,AR32NSV53HDFL,32 Inches
2,iFFALCON 80.04 cm (32 inches) Bezel-Less S Series HD Ready Smart Android LED TV iFF32S53 (Black),"8,499",4.1 stars,"3,617 ratings",In stock,32 Inches,iFF32S53,32 Inches
3,Samsung 80 cm (32 inches) HD Ready Smart LED TV UA32T4380AKXXL (Glossy Black),"14,990",4.4 stars,"12,985 ratings",In stock,32 Inches,UA32T4380AKXXL,32 Inches
4,Samsung 108 cm (43 Inches) Crystal Vision 4K Ultra HD Smart LED TV UA43CUE70AKLXL (Titan Gray),"31,990",4.4 stars,"11,267 ratings",In stock,43 Inches,UA43CUE70AKLXL,43 Inches
5,Redmi 80 cm (32 inches) F Series HD Ready Smart LED Fire TV L32R8-FVIN (Black),"12,999",4.2 out of 5 stars,"60,037 ratings",In stock,32 Inches,L32R8,32 Inches
6,MI 80 cm (32 inches) A Series HD Ready Smart Google TV L32M8-5AIN (Black),"13,999",4.2 out of 5 stars,"55,945 ratings",In stock,32 Inches,L32M8-5AIN,32 Inches
7,iFFALCON 138.7 cm (55 inches) 4K Ultra HD Smart LED Google TV iFF55U62 (Black),,4.1 out of 5 stars,"3,617 ratings",,55 Inches,iFF55U62,55 Inches
8,Acer 80 cm (32 inches) I Series HD Ready Android Smart LED TV AR32AR2841HDFL (Black),,4.3 out of 5 stars,"14,138 ratings",,32 Inches,,32 Inches
9,iFFALCON 108 cm (43 inches) 4K Ultra HD Smart LED Google TV iFF43U62 (Black),"17,999",4.1 stars,"3,617 ratings",In stock,43 Inches,iFF43U62,43 Inches
10,VW 60 cm (24 inches) Premium Series HD Ready LED TV VW24A (Black),"5,699",4.2 stars,"7,348 ratings",In stock,24 Inches,vw24a,24 Inches
11,Acer 100 cm (40 inches) Advanced I Series Full HD Smart LED Google TV AR40GR2841FDFL (Black),"17,999",4.4 out of 5 stars,"5,246 ratings",In stock,40 Inches,AR40GR2841FDFL,40 Inches
12,LG 80 cm (32 inches) HD Ready Smart LED TV 32LM563BPTC (Dark Iron Gray),"13,990",4.5 stars,"14,798 ratings",In stock,32 Inches,LED SMART,32 Inches
13,Kodak 108 cm (43 inches) 9XPRO Series Full HD Certified Android LED TV 439X5081 (Black),"15,999",4.4 out of 5 stars,"12,682 ratings",In stock,43 Inches,439X5081,43 Inches
14,OnePlus 108 cm (43 inches) Y Series 4K Ultra HD Smart Android LED TV 43Y1S Pro (Black),"29,999",4.1 out of 5 stars,"12,969 ratings",In stock,43 Inches,43 Y1S Pro,43 Inches
15,LG 108 cm (43 inches) 4K Ultra HD Smart LED TV 43UR7500PSC (Dark Iron Gray),"31,990",4.5 stars,"4,681 ratings",In stock,43 Inches,43UR7500PSC,43 Inches
16,LG 80 cm (32 inches) HD Ready Smart LED TV 32LQ643BPTA (Black),"15,490",4.5 stars,"14,798 ratings",In stock,32 Inches,32LQ643BPTA,32 Inches
17,TCL 101 cm (40 inches) Bezel-Less S Series Full HD Smart Android LED TV 40S5400A (Black),"17,990",4.1 stars,"5,169 ratings",In stock,40 Inches,40S5400A,40 Inches
18,LG 139 cm (55 inches) 4K Ultra HD Smart LED TV 55UR7500PSC (Dark Iron Gray),"43,990",4.5 stars,"4,681 ratings",In stock,55 Inches,55UR7500PSC,55 Inches
19,VW 80 cm (32 inches) Playwall Frameless Series HD Ready Android Smart LED TV VW3251 (Black),"7,999",4.1 out of 5 stars,"3,629 ratings",In stock,32 Inches,VW 80 cm (32 inches) HD Ready Smart LED TV VW3251 (Black) (2022 Model) | | With Frameless Design,32 Inches
20,TCL 80.04 cm (32 inches) Bezel-Less S Series FHD Smart Android LED TV 32S5403AF (Black),"13,390",4.1 stars,"5,169 ratings",In stock,32,32S5403AF,32
21,VU 126 cm (50 inches) The GloLED Series 4K Smart LED Google TV 50GloLED (Grey),"32,999",4.5 out of 5 stars,"4,121 ratings",In stock,50 Inches,Vu GloLED Series,50 Inches
22,Samsung 80 cm (32 Inches) Wondertainment Series HD Ready LED Smart TV UA32T4340BKXXL (Glossy Black),"14,990",4.4 stars,"12,985 ratings",In stock,32 Inches,UA32T4340BKXXL,32 Inches
23,VW 80 cm (32 inches) Frameless Series HD Ready Android Smart LED TV VW32S (Black),"7,777",4.2 stars,"10,451 ratings",In stock,32 Inches,VW32S,32 Inches
24,Samsung 108 cm (43 inches) Crystal iSmart 4K Ultra HD Smart LED TV UA43CUE60AKLXL (Black),"30,990",4.4 stars,"11,267 ratings",In stock,43 Inches,UA43CUE60AKLXL,43 Inches
25,Kodak 100 cm (40 inches) Special Edition Series Full HD Smart LED TV 40SE5003BL (Black),"13,999",4.4 out of 5 stars,"1,460 ratings",In stock,40 Inches,40SE5003BL,40 Inches
26,2022 Apple TV 4K Wi‑Fi with 64GB Storage (3rd Generation),"14,900",4.9 out of 5 stars,20 ratings,In stock,Apple,Apple TV,
27,Vu 139 cm (55 inches) The GloLED Series 4K Smart LED Google TV 55GloLED (Grey),"38,999",4.5 out of 5 stars,"4,121 ratings",In stock,55 Inches,Vu GloLED Series,55 Inches
28,SKYWALL 60.96 cm (24 inches) HD Ready LED TV 24SWN (Black),"5,699",4.1 stars,291 ratings,In stock,24 Inches,SKYWALL,24 Inches
29,TCL 80.04 cm (32 inches) Bezel-Less S Series Full HD Smart LED Google TV 32S5400 (Black),"14,990",4.1 stars,"5,169 ratings",In stock,32 Inches,32S5400,32 Inches
30,Vu 164 cm (65 inches) The Masterpiece Glo Series 4K Ultra HD Smart Android QLED TV 65QMP (Armani Gold),"79,999",4.5 out of 5 stars,"1,809 ratings",In stock,65 Inches,Vu Masterpiece,65 Inches
31,Fire TV Stick with Alexa Voice Remote (includes TV and app controls) | HD streaming device,"4,499",4.3 out of 5 stars,"83,362 ratings",In stock,,,
32,VW 80 cm (32 inches) Linux Series Frameless HD Ready Smart LED TV VW32C2 (Black) | with 18 Months Warranty,"7,999",4.1 out of 5 stars,"2,494 ratings",In stock,32 Inches,VW 80 cm (32 inches) Frameless Series HD Ready Smart Linux TV VW32C2 (Black),32 Inches
33,Acer 80 cm (32 inches) Advanced I Series HD Ready Smart LED Google TV AR32GR2841HDFL (Black),,4.1 out of 5 stars,"5,246 ratings",,32 Inches,Acer 80 cm (32 inches) I Series HD Ready Smart LED Google TV AR32GR2841HDFL (Black) (2023 Model),32 Inches
34,VW 109 cm (43 inches) Linux Series Frameless Full HD Smart LED TV VW43S1 (Black),"13,999",4.1 out of 5 stars,"2,494 ratings",In stock,43 Inches,VW43S1,43 Inches
35,Sony Bravia 139 cm (55 inches) 4K Ultra HD Smart LED Google TV KD-55X74K (Black),"52,490",4.5 stars,"22,642 ratings",In stock,55 Inches,KD-55X74K,55 Inches
36,Hisense 305 cm (120 inches) Trichrom ALR Screen Series 4K Ultra HD Smart Laser TV 120L9HE (Black),"4,99,999",3.0 out of 5 stars,2 ratings,In stock,120 Inches,120L9HE,120 Inches
37,Kodak 80 cm (32 inches) Special Edition Series HD Ready Smart LED TV 32SE5001BL (Black),"8,999",4.4 out of 5 stars,"1,460 ratings",In stock,32 Inches,32SE5001BL,32 Inches
38,MI 125 cm (50 inches) X Series 4K Ultra HD Smart Android LED TV L50M7-A2IN (Black),"31,999",4.1 out of 5 stars,"1,456 ratings",In stock,50 Inches,Xiaomi TV X50,50 Inches
39,Vu 189 cm (75 inches) The Masterpiece Glo Series 4K Ultra HD Smart Android QLED TV 75QMP (Armani Gold) (2022 Model) | Built in 4.1 Speaker,"1,28,999",4.1 stars,"1,809 ratings",In stock,75 Inches,Vu Masterpiece,75 Inches
40,Sony Bravia 108 cm (43 inches) 4K Ultra HD Smart LED Google TV KD-43X74K (Black),"37,990",4.5 stars,"22,642 ratings",In stock,43 Inches,KD-43X74K,43 Inches
41,TCL 108 cm (43 inches) 4K Ultra HD Smart QLED Google TV 43C645 (Black),"30,990",4.1 stars,"1,495 ratings",In stock,43 Inches,43C645,43 Inches
42,TOSHIBA 108 cm (43 inches) V Series Full HD Smart Android LED TV 43V35MP (Black) | Dolby Audio | A+ Grade 10 bit LED Panel,"20,999",4.1 out of 5 stars,"3,087 ratings",In stock,43 Inches,43V35MP,43 Inches
43,MI 80 cm (32 inches) HD Ready Smart Android LED TV 5A Pro | L32M7-EAIN (Black),"12,990",4.0 out of 5 stars,503 ratings,In stock,32 Inches,Xiaomi TV 5A 32 Pro,32 Inches
44,Kodak 126 cm (50 inches) CAPRO Series 4K Ultra HD LED Google TV 50CAPROGT5012 (Black),"25,999",4.4 out of 5 stars,"2,476 ratings",In stock,50 Inches,50CAPROGT5012,50 Inches
45,Acer 109 cm (43 inches) I Series 4K Ultra HD Android Smart LED TV AR43AR2851UDFL (Black),"22,999",4.3 out of 5 stars,"14,138 ratings",In stock,43 Inches,,43 Inches
46,Redmi 108 cm (43 inches) 4K Ultra HD Android Smart LED TV X43 | L43R7-7AIN (Black),"25,999",4.2 out of 5 stars,"60,037 ratings",In stock,43 Inches,Redmi Smart TV X43,43 Inches
47,iFFALCON 147 cm (58 inches) 4K Ultra HD Smart LED Google TV iFF58U62 (Black),"31,999",4.1 stars,"3,617 ratings",In stock,58 Inches,iFF58U62,58 Inches
48,iFFALCON 147 cm (58 inches) 4K Ultra HD Smart LED Google TV iFF58U62 (Black),"31,999",4.1 stars,"3,617 ratings",In stock,58 Inches,iFF58U62,58 Inches
49,TOSHIBA 80 cm (32 inches) V Series HD Ready Smart Android LED TV 32V35MP (Black) | Dolby Audio | A+ Grade LED Panel,"12,990",4.1 out of 5 stars,"3,087 ratings",In stock,32 Inches,32V35MP,32 Inches
50,MI 108 cm (43 inches) X Series 4K Ultra HD Smart Google TV L43M8-A2IN (Black),"28,999",4.1 out of 5 stars,"1,456 ratings",In stock,43 Inches,L43M8-A2IN,43 Inches
51,"amazon basics 16W Wireless Soundbar | Party RGB Lights I Bluetooth, USB & FM Antenna I Mini Gaming BT Soundbar for TV, Mobile, PC, Tablets, Laptops","1,099",4.4 out of 5 stars,31 ratings,In stock,amazon basics,AB-SB,
52,MI 100 cm (40 inches) A Series Full HD Smart Google TV L40M8-5AIN (Black),"22,999",4.2 out of 5 stars,"55,945 ratings",In stock,40 Inches,L40M8-5AIN,40 Inches
53,Kodak 106 cm (42 inches) Full HD Certified Android Smart LED TV 42FHDX7XPRO (Black),"15,999",4.4 out of 5 stars,"12,682 ratings",In stock,42 Inches,42FHDX7XPRO,42 Inches
54,Sansui 80cm (32 inches) HD Ready Smart LED TV JSY32SKHD (BLACK) With Bezel-less Design,"10,890",3.9 out of 5 stars,313 ratings,In stock,32 Inches,JSY32SKHD,32 Inches
55,Zdalamit Mi Tv Remote Control Original with Voice Control l Bluetooth Smart Remote for Mi Tv,799,4.6 out of 5 stars,"1,098 ratings",In stock,ZdalaMit,,
56,Mi 2K TV Stick with Built in Chromecast (Black),"3,299",3.6 out of 5 stars,28 ratings,In stock,Xiaomi,Mi TV Stick,
57,VW 101 cm (40 inches) Linux Series Frameless HD Ready Smart LED TV VW40S1 (Black) | with 18 Months Warranty,"12,499",4.5 out of 5 stars,"2,494 ratings",In stock,40 Inches,VW 40S1,40 Inches
58,VW 101 cm (40 inches) Playwall Frameless Series Full HD Android Smart LED TV VW40F1 (Black),"13,499",4.1 out of 5 stars,"3,629 ratings",In stock,40 Inches,VW40F1,40 Inches
59,Sony Bravia 108 cm (43 inches) 4K Ultra HD Smart LED Google TV KD-43X64L (Black),"40,990",4.5 stars,"22,642 ratings",In stock,43 Inches,KD-43X64L,43 Inches
60,MI 138 cm (55 inches) X 4K Dolby Vision Series Smart Google TV L55M8-A2IN (Black),"39,999",4.1 out of 5 stars,"1,456 ratings",In stock,55 Inches,L55M8-A2IN,55 Inches
61,Blaupunkt 108 cm (43 inches) Cyber Sound G2 Series Full HD LED Google TV 43CSG7105 (Black),"16,999",4.7 out of 5 stars,4 ratings,In stock,43 Inches,43CSG7105,43 Inches
62,TCL 164 cm (65 inches) Bezel-Less Series 4K Ultra HD Smart LED Google TV 65P635 (Black),"47,990",4.1 stars,"1,402 ratings",In stock,65 Inches,65P635,65 Inches
63,Foxsky 60.96 cm (24 inches) HD Ready LED TV 24FSN (Black),"5,199",4.5 out of 5 stars,798 ratings,In stock,24 Inches,24fsn,24 Inches
64,MI 108 cm (43 inches) A Series Full HD Smart Google TV L43M8-5AIN (Black),"24,999",4.2 out of 5 stars,"55,945 ratings",In stock,43 Inches,L43M8-5AIN,43 Inches
65,Acer 127 cm (50 inches) Advanced I Series 4K Ultra HD Smart LED Google TV AR50GR2851UDFL (Black),"29,999",4.4 out of 5 stars,"5,246 ratings",In stock,50 Inches,Acer 127 cm (50 inches) I Series 4K Ultra HD Smart LED Google TV AR50GR2851UDFL (Black) (2023 Model),50 Inches
66,VU 108 cm (43 inches) Premium Series Full HD Smart LED TV 43GA (Black),"22,490",4.1 stars,"1,319 ratings",In stock,43 Inches,Vu Premium,43 Inches
67,Samsung 108 cm (43 inches) Full HD Smart LED TV UA43T5450AKXXL (Black),"26,990",4.4 stars,95 ratings,In stock,43 Inches,UA43T5450AKXXL,43 Inches
68,TOSHIBA 139 cm (55 inches) 4K Ultra HD Smart LED Google TV 55C350MP (Silver) | Dobly Vision & Atoms | HDR 10+ | REGZA Power Audio,"31,999",4.1 out of 5 stars,"2,056 ratings",In stock,55 Inches,55C350MP,55 Inches
69,Kodak 100 cm (40 inches) 9XPRO Series Full HD Certified Android LED TV 409X5061 (Black),"15,499",4.4 out of 5 stars,"12,682 ratings",In stock,40 Inches,409X5061,40 Inches
70,TCL 80.04 cm (32 inches) Bezel-Less S Series HD Ready Smart Android LED TV 32S5400A (Black),"12,490",4.1 stars,"5,169 ratings",In stock,32 Inches,32S5400A,32 Inches
71,Samsung 125 cm (50 inches) Crystal iSmart 4K Ultra HD Smart LED TV UA50CUE60AKLXL (Black),"42,990",4.4 stars,"11,267 ratings",In stock,50 Inches,UA50CUE60AKLXL,50 Inches
72,Samsung 125 cm (50 inches) Crystal iSmart 4K Ultra HD Smart LED TV UA50CUE60AKLXL (Black),"42,990",4.4 stars,"11,267 ratings",In stock,50 Inches,UA50CUE60AKLXL,50 Inches
73,"Dyanora 60 cm (24 inch) HD Ready LED TV with Noise Reduction, Cinema Zoom, Powerful Audio Box Speakers (DY-LD24H0N)","5,999",3.8 out of 5 stars,275 ratings,In stock,24 Inches,DY-LD24H0N,24 Inches
74,Kodak 80 cm (32 inches) 9XPRO Series HD Ready Certified Android LED TV 329X5051 (Black),"9,749",4.1 out of 5 stars,"12,682 ratings",In stock,32 Inches,329X5051,32 Inches
75,LG 80 cm (32 inches) HD Ready Smart LED TV 32LQ576BPSA (Ceramic Black),"15,990",4.5 stars,"14,798 ratings",In stock,32 Inches,32LQ576,32 Inches
76,VW 109 cm (43 inches) Playwall Frameless Series Full HD Android Smart LED TV VW43F1 (Black),"14,999",4.1 out of 5 stars,"3,629 ratings",In stock,43 Inches,VW 109 cm (43 inches) Full HD Smart LED TV VW43F1 (Black) (2022 Model) | With Frameless Design,43 Inches
77,Vu 215 cms (85 inches) Masterpiece Series 4K Ultra HD Smart QLED TV 85QV (Jetplane Grey),"2,94,999",4.4 out of 5 stars,9 ratings,In stock,85 Inches,85QV,85 Inches
78,Kodak 108 cm (43 inches) 4K Ultra HD Smart QLED TV 43MT5055 (Black),"23,999",4.4 out of 5 stars,"1,107 ratings",In stock,43 Inches,43MT5055,43 Inches
79,LG 126 cm (50 inches) 4K Ultra HD Smart LED TV 50UR7500PSC (Dark Iron Gray),"42,990",4.5 stars,"4,681 ratings",In stock,50 Inches,50UR7500PSC,50 Inches
80,"Sounce AV RCA to VGA Adapter Audio Video Converter,Composite AV to VGA 3.5mm TV Video Playing Adapter 1080p with USB Power Cable VCD DVD Projector TV Set Top Box",399,3.8 out of 5 stars,20 ratings,In stock,"Projector, Monitor",,
81,Mi Android TV Stick 4K with Dolby Vision and Dolby Atmos Media Streaming Device (Black),"4,999",3.6 out of 5 stars,28 ratings,In stock,Xiaomi,Mi,
82,SANSUI 80 cm (32 inches) HD Ready Smart A+ LED Google TV JSWY32GSHD (Black),"10,999",3.8 out of 5 stars,260 ratings,In stock,32 Inches,JSWY32GSHD,32 Inches
83,Sony Bravia 164 cm (65 inches) 4K Ultra HD Smart LED Google TV KD-65X74L (Black),"77,990",4.5 stars,"22,642 ratings",In stock,65 Inches,KD-65X74L,65 Inches
84,Samsung 138 cm (55 Inches) Crystal Vision 4K Ultra HD Smart LED TV UA55CUE70AKLXL (Titan Gray),"46,990",4.4 stars,"11,267 ratings",In stock,55 Inches,UA55CUE70AKLXL,55 Inches
85,"RISSACHI Heavy Duty TV Wall Mount Bracket for 14 inch to 42 inch LCD/LED/Monitor/Smart TV, Fixed Universal TV Wall Stand Capacity 25kg",284,4.5 out of 5 stars,"1,877 ratings",In stock,Wall Mount,,
86,Sony Bravia 139 cm (55 inches) 4K Ultra HD Smart LED Google TV KD-55X74L (Black),"63,990",4.5 stars,"22,642 ratings",In stock,55 Inches,KD-55X74L,55 Inches
87,TCL 189.5 cm (75 inches) Bezel-Less Series 4K Ultra HD Smart LED Google TV 75P635 (Black),"66,990",4.1 stars,"1,402 ratings",In stock,75 Inches,75P635,75 Inches
88,MI 125 cm (50 inches) X 4K Dolby Vision Series Smart Google TV L50M8-A2IN (Black),"34,999",4.1 out of 5 stars,"1,456 ratings",In stock,50 Inches,L50M8-A2IN,50 Inches
89,Bluetooth Voice Command Compatible with Samsung Smart 4K Tv Remote Control of Original BN59-01312F with Samsung Ultra Curved TV Remote Control and Compatible for LED Android UHD OLED QLED,"1,576",4.6 out of 5 stars,"2,081 ratings",In stock,ZdalaMit,,
90,"Cornea Frameless 218 cm (86 inch) 4K Ultra HD Smart Android LED TV, Black (2022 Model) (with No Cost EMI Offer on All Major Banks)","1,84,055",5.0 out of 5 stars,5 ratings,In stock,86 Inches,Cornea Frameless 218 cm (86 inch) Ultra HD (4K) LED Smart TV,86 Inches
91,Kodak 139 cm (55 inches) CAPRO Series 4K Ultra HD LED Google TV 55CAPROGT5014 (Black),"29,200",4.4 out of 5 stars,"2,476 ratings",In stock,55 Inches,55CAPROGT5014,55 Inches
92,Quess 2 Year Extended Warranty for TV Between Rs 30001 to Rs 40000 (E-Mail Delivery),"2,387",4.0 out of 5 stars,"1,456 ratings",In stock,,,
93,Blaupunkt 108 cm (43 inches) Quantam Dot Series 4K Ultra HD QLED Google TV 43QD7050 (Black),"21,999",4.0 out of 5 stars,24 ratings,In stock,43 Inches,43QD7050,43 Inches
94,Westinghouse 100 cm (40 inches) W2 Series Full HD Certified Android LED TV WH40FX51 (Black),"13,999",4.4 out of 5 stars,402 ratings,In stock,40 Inches,WH40FX51,40 Inches
95,Acer 127 cm (50 inches) I Series 4K Ultra HD Android Smart LED TV AR50AR2851UDFL (Black),"27,999",4.3 out of 5 stars,"14,138 ratings",In stock,50 Inches,,50 Inches
96,Sony Bravia 80 cm (32 inches) HD Ready Smart LED Google TV KD-32W820K (Black),"24,990",4.5 stars,"1,389 ratings",In stock,32 Inches,Bravia,32 Inches
97,TOSHIBA 108 cm (43 inches) 4K Ultra HD Smart LED Google TV 43C350MP (Silver) | Dobly Vision & Atoms | HDR 10+ | REGZA Power Audio,"24,999",4.1 out of 5 stars,"2,056 ratings",In stock,43 Inches,43C350MP,43 Inches
98,TCL 189 cm (75 inches) Bezel-Less Full Screen Series Ultra HD 4K Smart LED Google TV 75P635 Pro (Black),"79,990",4.1 stars,"1,402 ratings",In stock,75 Inches,75P635 Pro,75 Inches
99,RISSACHI Heavy Duty Wall & Ceiling Mounts for 14 to 42 inch LED/LCD TV (Black),729,3.8 out of 5 stars,300 ratings,In stock,"Wall Mount, Ceiling Mount",,
100,TCL 126 cm (50 inches) 4K Ultra HD Smart QLED Google TV 50T6G (Black),"33,990",4.1 stars,"1,495 ratings",In stock,50 Inches,50T6G,50 Inches
101,"SHOPOFLUX Silicone Remote Cover Compatible with Redmi 4k Ultra 43 inch, Xiaomi OLED Series 55 inch, Xiaomi 5A Series 32/40/43 inch TV (Black)",249,4.3 out of 5 stars,208 ratings,In stock,SHOPOFLUX,,
102,OnePlus 163 cm (65 inches) Q Series 4K Ultra HD QLED Smart Google TV 65 Q2 Pro (Black),"86,152",4.1 out of 5 stars,157 ratings,In stock,65 Inches,65 Q2 Pro,65 Inches
103,"Kodak 139 Cm (55 Inches) Matrix Series 4K Ultra Hd Smart QLED Google Tv 55Mt5022, Black","32,999",4.4 out of 5 stars,"1,107 ratings",In stock,55 Inches,Matrix Series,55 Inches
104,Vu 108 cm (43 inches) Premium Series 4K Ultra HD Smart LED Google TV 43CA (Black),,4.5 out of 5 stars,"4,121 ratings",,43 Inches,43CA_Google TV,43 Inches
105,MI 100 cm (40 inches) 5A Series Full HD Smart Android LED TV L40M7-EAIN (Black),"21,999",4.4 out of 5 stars,"55,945 ratings",In stock,40 Inches,Xiaomi TV 5A 40,40 Inches
106,Redmi 108 cm (43 inches) 4K Ultra HD Smart LED Fire TV L43R8-FVIN (Black),"24,999",4.2 out of 5 stars,"60,037 ratings",In stock,43 Inches,L43R8-FVIN,43 Inches
107,ALT 126 cm (50 inch) Premium Series 4K Ultra HD QLED Google Smart TV 50QUGA1 (Black) 2023 Model,"25,990",4.2 out of 5 stars,640 ratings,In stock,126 Centimetres,Google QLED Series,126 Centimetres
108,Electvision Remote Control For Led Or Lcd Tv Compatible With Kodak/Thomson Televisions Small (Please Match The Image With Your Existing Remote Before Placing The Order Before)Black,275,4.4 out of 5 stars,406 ratings,In stock,Electvision,,
109,LOHAYA Television Remote Compatible for VU LED LCD HD Tv Remote Control Model No :- EN2B27V,299,3.5 out of 5 stars,783 ratings,In stock,LOHAYA,,
110,Oboe Silicone TV Remote Cover Compatible with Oneplus Tv Remote Q Series/U Series / Y1S / Y1S Edge Smart LED TV Remote Protective Case with Remote Loop (Black) [Remote NOT Included],399,4.4 out of 5 stars,"1,060 ratings",In stock,OBOE,,
111,Blaupunkt 100 cm (40 inches) Cyber Sound G2 Series Full HD Android TV 40CSG7112 (Black),"14,999",4.0 out of 5 stars,2 ratings,In stock,40 Inches,40CSG7112,40 Inches
112,7SEVEN® Compatible for Samsung Tv Remote Original Smart Led UHD QLED Television and Monitor Suitable for Frame Ultra 6 7 8 Series with Hot Keys BN59 Model Without Voice Command,299,4.4 out of 5 stars,952 ratings,In stock,7 SEVEN,,
113,Hisense 126 cm (50 inches) Tornado 2.0 Series 4K Ultra HD Smart LED Google TV 50A7H (Metal Gray),"29,999",4.4 out of 5 stars,"1,607 ratings",In stock,50 Inches,50A7H,50 Inches
114,Onida 108 cm (43 inches) Full HD Smart LED Fire TV 43FIF3 (Black),"21,999",4.4 out of 5 stars,"5,004 ratings",In stock,43 Inches,43FIF3_FireTV,43 Inches
115,Hisense 139 cm (55 inches) 4K Ultra HD Smart QLED TV 55E7K (Black) | Dolby Vision & Atmos | Game Mode Plus | Voice Remote,"33,999",4.0 out of 5 stars,398 ratings,In stock,55 Inches,55E7K,55 Inches
116,Samsung 138 cm (55 inches) Crystal iSmart 4K Ultra HD Smart LED TV UA55CUE60AKLXL (Black),"45,990",4.4 stars,"11,267 ratings",In stock,55 Inches,UA55CUE60AKLXL,55 Inches
117,7SEVEN® Compatible Vu Smart Tv Remote Control Suitable for Original 4K Android LED Ultra HD UHD Vu Tv Remote with Non Voice Feature Without Google Assistant,389,3.5 out of 5 stars,358 ratings,In stock,7 SEVEN,,
118,Panasonic 80 cm (32 inches) HD Ready Smart LED Google TV TH32MS660DX (Black),"15,990",4.3 stars,"3,417 ratings",In stock,32 Inches,TH-32MS660DX,32 Inches
119,"7SEVEN® Infrared Remote Control for Realme Smart 4K Android LED OLED QLED TV Replacement for Original realme Remote with Netflix, Prime Video and YouTube Hot Keys",379,3.6 out of 5 stars,156 ratings,In stock,7 SEVEN,,
120,Samsung 138 cm (55 inches) Crystal iSmart 4K Ultra HD Smart LED TV UA55CUE60AKLXL (Black),"45,990",4.4 stars,"11,267 ratings",In stock,55 Inches,UA55CUE60AKLXL,55 Inches
121,7SEVEN® Compatible Vu Smart Tv Remote Control Suitable for Original 4K Android LED Ultra HD UHD Vu Tv Remote with Non Voice Feature Without Google Assistant,389,3.5 out of 5 stars,358 ratings,In stock,7 SEVEN,,
122,Panasonic 80 cm (32 inches) HD Ready Smart LED Google TV TH32MS660DX (Black),"15,990",4.3 stars,"3,417 ratings",In stock,32 Inches,TH-32MS660DX,32 Inches
123,"7SEVEN® Infrared Remote Control for Realme Smart 4K Android LED OLED QLED TV Replacement for Original realme Remote with Netflix, Prime Video and YouTube Hot Keys",379,3.6 out of 5 stars,156 ratings,In stock,7 SEVEN,,
124,VW 109 cm (43 inches) QL Frameless Series 4K Ultra HD Smart QLED TV VW43QUW1 (Black),"21,999",4.4 out of 5 stars,187 ratings,In stock,43 Inches,VW43QUW1,43 Inches
125,iFFALCON 126 cm (50 inches) 4K Ultra HD Smart LED Google TV iFF50U62 (Black),"25,999",4.1 stars,"3,617 ratings",In stock,50 Inches,iFF50U62,50 Inches
126,"RISSACHI Heavy Duty TV Wall Mount Bracket for 14 inch to 42 inch LCD/LED/Monitor/Smart TV, Fixed Universal TV Wall Stand (Fixed 14 inch to 42 inch)",331,4.4 out of 5 stars,548 ratings,In stock,Wall Mount,,
127,Dealfreez Protective Full Wrap Silicone Case Compatible with New Siri Apple TV 4k 2nd Generation Remote Skin-Friendly Shock Proof Anti-Slip Washable Protective Cover Sleeve (C-Black),599,4.4 out of 5 stars,"1,619 ratings",In stock,DEALFREEZ,,
128,Voice Remote Compatible for Samsung Smart TV QLED UHD Frame Curved Solar 4K 8K Q60 Q70 Q80 Q90 8 Series 9 Series TU8000 AU8000 Voice Remote Control Replacement,749,4.4 out of 5 stars,"6,289 ratings",In stock,EWO'S,,
129,Samsung 214 cm (85 inches) 8K Ultra HD Smart Neo QLED TV QA85QN900AKXXL (Steel),"11,49,990",4.4 stars,17 ratings,In stock,85 Inches,QA85QN900AKXXL,85 Inches
130,Acer 109 cm (43 inches) Advanced I Series Full HD Smart LED Google TV AR43GR2841FDFL (Black),"20,999",4.3 out of 5 stars,87 ratings,In stock,43 Inches,AR43GR2841FDFL,43 Inches
131,TOSHIBA 126 cm (50 inches) 4K Ultra HD Smart LED Google TV 50C350MP (Silver) | Dobly Vision & Atoms | HDR 10+ | REGZA Power Audio,"30,999",4.1 out of 5 stars,"2,056 ratings",In stock,50 Inches,50C350MP,50 Inches
132,Westinghouse 106 cm (43 inches) W2 Series Full HD Certified Android LED TV WH43FX71 (Black),"15,499",4.4 out of 5 stars,402 ratings,In stock,43 Inches,WH43FX71,43 Inches
133,Westinghouse 80 cm (32 inches) W2 Series HD Ready Certified Android LED TV WH32HX41 (Black),"8,999",4.4 out of 5 stars,402 ratings,In stock,32 Inches,WH32HX41,32 Inches
134,7SEVEN® Bluetooth Voice Command Compatible RMF-TX520p Remote Control for Original Sony TV Remotes A80J X80J X85J X90J X95J RMF-TX520P Series with Many hotkeys,"1,699",4.4 out of 5 stars,55 ratings,In stock,7 SEVEN,,
135,7SEVEN® Compatible LG TV Remote Suitable for LG Magic Smart tv Remote Control (Mouse & Voice Non-Support) AN-MR18BA with Netflix and Amazon Hotkeys Support All 2018 4K UHD Smart LG Televisions,890,3.3 out of 5 stars,74 ratings,In stock,7 SEVEN,,
136,LG 139 cm (55 inches) 4K Ultra HD Smart OLED TV 55A3PSA (Rocky Black),"1,09,990",4.5 stars,320 ratings,In stock,55 Inches,OLED55A3PSA,55 Inches
137,X Electron 60 cm (24 inches) HD Ready LED TV with Slim Bezel 24STV (Black) (2023 Model),"5,699",4.1 stars,64 ratings,In stock,24 Inches,24STV,24 Inches
138,"Hisense 108 cm (43 inches) 4K Ultra HD Smart QLED Google TV (43U6K, Gray) | Dolby Vision & Atmos | HSR 120 Mode | HDR10, HLG","28,999",4.1 out of 5 stars,564 ratings,In stock,43 Inches,43U6K,43 Inches
139,"7 SEVEN Suitable Sony Tv Remote Original Bravia for Smart Android Television Compatible for Any Model of LCD LED OLED UHD 4K Universal Sony Remote Control, Black",349,4.4 out of 5 stars,366 ratings,In stock,7 SEVEN,,
140,Hisense 108 cm (43 inches) 4K Ultra HD Smart QLED TV 43E7K (Black) | Dolby Vision & Atmos | Game Mode Plus | Voice Remote,"23,999",4.0 out of 5 stars,398 ratings,In stock,43 Inches,43E7K,43 Inches
141,Hisense 126 cm (50 inches) 4K Ultra HD Smart QLED TV 50E7K (Black) | Dolby Vision & Atmos | Game Mode Plus | Voice Remote,"27,999",4.0 out of 5 stars,398 ratings,In stock,50 Inches,50E7K,50 Inches
142,V4® Compatible for Thomson Tv Remote Original Suitable for Smart Android 4K LED UHD OLED HD Thomson Television with OTT Hotkeys - Infrared Non Voice Command Remote Control,499,Previous page,,In stock,V4 Gadgets,,
143,"Gadget-Wagon 32-65"" LED LCD TV Portable Wheel Stand for presentations, Office, Portable, Home (for 32-65"" with Wheels 1 Shelf)","10,245",4.2 out of 5 stars,130 ratings,In stock,Black,,
144,"Gadget-Wagon 32-65"" LED LCD TV Portable Wheel Stand for presentations, Office, Portable, Home (for 32-65"" with Wheels 1 Shelf)","10,245",4.2 out of 5 stars,130 ratings,In stock,Black,,
145,"Storite 2 Pack 50cm USB 2.0 Male to Female Extension Plug/Socket Adapter Cable - (Very Useful for LED/LCD TV USB Ports, Black)",249,4.2 out of 5 stars,340 ratings,In stock,"PC, Television",,
146,"Hisense 139 cm (55 inches) Tornado 2.0 Series 4K Ultra HD Smart LED Google TV (55A7H, Silver) | Built-in 102W JBL Speakrs | HDR 10+ | Dolby Vision & Atmos","32,999",4.4 out of 5 stars,"1,607 ratings",In stock,55 Inches,55A7H,55 Inches
147,"SYSTENE Remote Control with Netflix & Prime Video Button Compatible for Mi 4X LED Android Smart TV 4A Remote Control (32""/43"") with Voice Command (Pairing Required) by SYSTENE",575,4.0 out of 5 stars,13 ratings,In stock,SYSTENE,,
148,"TECH-X 9 Feet 2-pin Universal Replacement AC Power Cord Cable Wire for LED TV, Printer,Laptop PC Notebook Computer, Play Station,Tape Recorder, Camera",304,4.7 out of 5 stars,644 ratings,In stock,Black,,
149,ALT 164 cm (65 inches) Bezelless 4K Ultra HD Smart Certified Android LED TV 65UAA1 (Black) 2023 Model,"38,999",4.2 out of 5 stars,640 ratings,In stock,164 Centimetres,Android Series,164 Centimetres
150,"Caprigo Heavy Duty TV Wall Mount Bracket for 17 to 32 inch LED/HD/Smart TV’s, Swivel Rotatable Universal TV Wall Mount Stand (M466)",650,4.5 out of 5 stars,"1,205 ratings",In stock,Wall Mount,,
151,Samsung 163 cm (65 Inches) Crystal Vision 4K Ultra HD Smart LED TV UA65CUE70AKLXL (Titan Gray),"67,990",4.4 stars,"11,268 ratings",In stock,65 Inches,UA65CUE70AKLXL,65 Inches
152,Caldipree Silicone Remote Cover Case Pouch Sleeve Compatible for TCL iFFALCON Smart LED TV Remote Cover with Loop (Black),399,4.3 out of 5 stars,169 ratings,In stock,CALDIPREE,,
153,MI Xiaomi 108 cm (43 inches) X Series 4K Ultra HD Smart Android LED TV L43M7-A2IN (Black),"28,999",4.1 out of 5 stars,"1,457 ratings",In stock,43 Inches,L43M7-A2IN,43 Inches
154,Onida 80 cm (32 inches) HD Ready Smart LED Fire TV 32HIF3 (Black),"12,990",4.4 out of 5 stars,"5,004 ratings",In stock,32 Inches,32HIF3_FireTV,32 Inches
155,"(Refurbished) Samsung M7 32 Inch Uhd 2160P Smart LED Monitor, 4Ms Response Time, 1 Billion Color, Smart Tv Apps, White",,2.9 out of 5 stars,2 ratings,In stock,32 Inches,,32 Inches
156,"Universal Remote-Control for Samsung Smart-TV, Remote-Replacement of HDTV 4K UHD Curved QLED and More TVs, with Netflix Prime-Video Buttons",279,4.4 out of 5 stars,"5,366 ratings",In stock,AUSOTUSO,,
157,7SEVEN® Bluetooth Voice Command Remote Compatible for oneplus Remote | 1+ Android TV Remote | one Plus tv Remote with Netflix YouTube Prime Video and Google Assistant Hot Keys,899,4.4 out of 5 stars,264 ratings,In stock,7 SEVEN,,
158,Blaupunkt 139 cm (55 inches) Quantam Dot Series 4K Ultra HD QLED Google TV 55QD7020 (Black),"33,999",4.0 out of 5 stars,24 ratings,In stock,55 Inches,55QD7020,55 Inches
159,"Fire TV Stick 4K Max streaming device, Wi-Fi 6, Alexa Voice Remote (includes TV controls)","6,499",4.3 out of 5 stars,"8,241 ratings",In stock,,,
160,7SEVEN® Compatible for Sony TV Remote Original Bravia RMF-TX500p Model Remote Control Suitable Only P Series of Sony Television and Match Remote Exactly with Each Keys and Remote Model,"1,599",4.4 out of 5 stars,46 ratings,In stock,7 SEVEN,,
161,"Rissachi Premium Heavy Duty Wall Mount Stand for 17 to 32-inch LCD LED TV (Black, Wall Mount)",689,3.9 out of 5 stars,"1,488 ratings",In stock,Wall Mount,,
162,Electvision® Remote Control Compatible with TCL Original Smart 4k led tv Without Voice Function/Google Assistant [Pack of 2],349,3.3 out of 5 stars,392 ratings,In stock,Electvision,,
163,Westinghouse 100 cm (40 inches) Pi Series Full HD Smart LED TV WH40SP08BL (Black),"13,499",4.0 out of 5 stars,"3,368 ratings",In stock,40 Inches,WH40SP08BL,40 Inches
164,Hisense 164 cm (65 inches) 4K Ultra HD Smart QLED TV 65E7K (Black) | Dolby Vision & Atmos | Game Mode Plus | Voice Remote,"49,999",4.0 out of 5 stars,398 ratings,In stock,65 Inches,65E7K,65 Inches
165,MI 138 cm (55 inches) X Series 4K Ultra HD Smart Android LED TV L55M7-A2IN (Black),"36,999",4.5 out of 5 stars,"1,457 ratings",In stock,55 Inches,Xiaomi TV X55,55 Inches
166,7SEVEN® Compatible for Samsung tv Remote Control Universal Replacement Remote for Original Samsung LCD LED OLED QLED UHD HD Plasma 3D Smart Hub Television with Netflix and Prime Video Hotkeys,329,4.4 out of 5 stars,143 ratings,In stock,7 SEVEN,,
167,Store2508 Model–NQ191 Height & Angle Adjustable Ceiling TV Mount Stand for 26” to 60” TVs,"1,567",4.0 out of 5 stars,22 ratings,In stock,Ceiling Mount,,
168,7SEVEN® Compatible for Samsung tv Remote Control Universal Replacement Remote for Original Samsung LCD LED OLED QLED UHD HD Plasma 3D Smart Hub Television with Netflix and Prime Video Hotkeys,329,4.4 out of 5 stars,143 ratings,In stock,7 SEVEN,,
169,Store2508 Model–NQ191 Height & Angle Adjustable Ceiling TV Mount Stand for 26” to 60” TVs,"1,567",4.0 out of 5 stars,22 ratings,In stock,Ceiling Mount,,
170,TVS Kit USB Charger Apache 4V,520,4.3 out of 5 stars,27 ratings,In stock,,,
171,Samsung 108 cm (43 inches) Crystal 4K Neo Series Ultra HD Smart LED TV UA43AUE65AKXXL (Black),"30,990",4.4 stars,"11,268 ratings",In stock,43 Inches,UA43AUE65AKXXL,43 Inches
172,Samsung 163 cm (65 inches) 4K Ultra HD Smart LED TV UA65CU8570ULXL (Titan Grey),"94,990",4.4 stars,"11,267 ratings",In stock,65 Inches,UA65CU8570ULXL,65 Inches
173,Kodak 80 cm (32 inches) HD Ready Certified Android LED TV 32HDX7XPRO (Black),"9,499",4.1 out of 5 stars,"12,682 ratings",In stock,32 Inches,7XPRO,32 Inches
174,VOLTONIX Infrared Non Voice oneplus Remote | 1+ Android TV Remote | Replacement of Original one Plus Smart tv Remote with Netflix YouTube and Prime Video Hot Keys,299,3.7 out of 5 stars,"2,056 ratings",In stock,VOLTONIX,,
175,RAYA Silicone Cover Case Compatible with 2021 Release Fire TV Stick Alexa Voice Remote 3rd Gen [Remote NOT Included] (White),225,4.4 out of 5 stars,41 ratings,In stock,RAYA,,
176,Electvision® Compatible for Sony Bravia LCD LED UHD OLED QLED 4K Ultra HD TV Remote Control with YouTube and Netflix Hotkeys. Universal Replacement for Original Sony Smart Android tv Remote Control,375,3.6 out of 5 stars,406 ratings,In stock,Electvision,,
177,SHOPOFLUX Silicone Remote Cover Compatible with Oneplus Q Series/U Series / Y1S / Y1S Edge Smart LED TV Remote (Black),249,4.3 out of 5 stars,228 ratings,In stock,SHOPOFLUX,,
178,Caldipree Silicone TV Remote Cover Compatible with Samsung Smart TV Remote 2023 BN59-01432A BN59-01432J Case with Remote Loop (Remote NOT Included) (Black),499,4.0 out of 5 stars,25 ratings,In stock,CALDIPREE,,
179,LG 195 cms (77 inches) 4K Ultra HD Smart OLED TV OLED77C9PTA (Dark Meteo Titanium),,3.6 out of 5 stars,13 ratings,,77 Inches,,77 Inches
180,Xeovox Remote for BPL LED Tv Suitable for BPL Smart Android 4k LED UHD HD LED Tv with Hotkeys Without Voice Command,499,4.4 out of 5 stars,3 ratings,In stock,xeovox,,
181,7SEVEN® Compatible Oneplus Tv Remote Original Suitable for Y Y1s Pro Series FHD UHD QLED 1+ Television Remote Control Ver-3 with Voice Command - Pairing Must !,"1,049",5.0 out of 5 stars,7 ratings,In stock,7 SEVEN,,
182,Isoelite Remote Compatible For Samsung Led/Lcd Remote Control Works With All Samsung Led/Lcd Tv Model No :- Bn59-607A (Please Match The Image With Your Old Remote)Black,299,3.9 out of 5 stars,"2,005 ratings",In stock,Isoelite,,
183,7SEVEN® Compatible Lg Smart Tv Remote Suitable for Any LG LED OLED LCD UHD Plasma Android Television and AKB75095303 Replacement of Original Lg Tv Remote Control,329,4.0 out of 5 stars,680 ratings,In stock,7 SEVEN,,
184,Hisense 108 cm (43 inches) Bezelless Series 4K Ultra HD Smart LED Google TV 43A6K (Gray) | Dolby Vision & Atmos | HSR 120 Mode | Hands Free Voice Control,"26,999",4.0 out of 5 stars,"2,631 ratings",In stock,43,43A6K,43
185,Kodak 126 cm (50 inches) Matrix Series 4K Ultra HD Smart QLED Google TV 50MT5011 (Black),"28,999",4.3 out of 5 stars,"1,107 ratings",In stock,50 Inches,Matrix Series,50 Inches
186,"7SEVEN® 4K Android TV Box Amlogic S905W2 Quad-Core CPU 4GB 32GB 2.4G/5G WiFi Bluetooth 5.0v Android 11 OS with OTA Upgrade Support 4K at 30fps, Optical Input for 5.1 Speaker, External Storage Device","3,899",3.4 out of 5 stars,124 ratings,In stock,7 SEVEN,X96Q Max,
187,Hisense 126 cm (50 inches) Bezelless Series 4K Ultra HD Smart LED Google TV 50A6K (Gray) | Dolby Vision & Atmos | HSR 120 Mode | Hands Free Voice Control,"31,999",4.3 out of 5 stars,"2,631 ratings",In stock,50 Inches,50A6K,50 Inches
188,VW 80 cm (32 inches) HD Ready Android Smart LED TV VW32PRO (Black),"8,799",3.8 out of 5 stars,"10,451 ratings",In stock,32 Inches,VW32PRO,32 Inches
189,SYSTENE� Remote Compatible for Sony Smart LED/LCD Google Play & Netflix Tv Remote Control Model No :- RMT-TZ300A (Voice Remote) [ Compatible for Sony Smart Tv Remote Control ],"1,299",4.4 out of 5 stars,7 ratings,In stock,SYSTENE,,
190,7SEVEN™ Bluetooth Voice Command Compatible for Sony 4K Smart LED UHD OLED QLED Android Bravia TV Remote Control Replacement of Original RMF,"1,349",3.2 out of 5 stars,57 ratings,In stock,7 SEVEN,,
191,MI 108 cm (43 inches) 5A Series Full HD Smart Android LED TV L43M7-EAIN (Black),"23,999",4.2 out of 5 stars,"55,945 ratings",In stock,43 Inches,Xiaomi TV 5A 43,43 Inches
192,MI 108 cm (43 inches) 5A Series Full HD Smart Android LED TV L43M7-EAIN (Black),"23,999",4.2 out of 5 stars,"55,945 ratings",In stock,43 Inches,Xiaomi TV 5A 43,43 Inches
193,Sony Bravia 164 cm (65 inches) 4K Ultra HD Smart LED Google TV KD-65X74K (Black),"77,990",4.5 stars,"22,642 ratings",In stock,65 Inches,KD-65X74K,65 Inches
194,Certified Refurbished Fire TV Stick 4K with Alexa Voice Remote | Stream in 4K resolution,"3,849",3.9 out of 5 stars,446 ratings,In stock,,,
195,Caldipree Silicone Remote Cover Case Pouch Sleeve Compatible for MI Xiaomi Redmi Smart tv Remote Case with Loop (Black),299,4.3 out of 5 stars,153 ratings,In stock,CALDIPREE,,
196,"Cornea Bezelless (Frameless) 80 cm (32 inch) HD Ready Smart Android LED TV, Black (2022 Model) (with No Cost EMI Offer on All Major Banks)","11,999",5.0 out of 5 stars,1 rating,In stock,32 Inches,2022,32 Inches
197,Acer 139 cm (55 inches) Advanced I Series 4K Ultra HD Smart LED Google TV AR55GR2851UDFL (Black),"34,999",4.1 out of 5 stars,"5,246 ratings",In stock,55 Inches,Acer 139 cm (55 inches) I Series 4K Ultra HD Smart LED Google TV AR55GR2851UDFL (Black) (2023 Model),55 Inches
198,TVS ELECTRONICS |RP3160 Gold Thermal Receipt Printer |4 MB Flash Memory|3inch / 80 mm Paper Width|160 mm per sec Print Speed|203 DPI high Resolution,"9,399",4.2 out of 5 stars,151 ratings,In stock,TVS ELECTRONICS,RP 3160 GOLD,
199,Oboe Silicone Tv Remote Cover Compatible with Redmi Smart Fire Tv 32 Redmi Fire Tv 4k 43 inches Tv Remote Protective Case with Lanyard (C-Black) [Remote NOT Included],499,4.3 out of 5 stars,"1,121 ratings",In stock,OBOE,,
200,"Hisense 139 cm (55 inches) Tornado 3.0 Series 4K Ultra HD Smart LED Google TV (55A7K, Black) | Built-in JBL Soundbar & 25 W Subwoofer | HSR 120 Mode","35,999",4.1 out of 5 stars,"1,607 ratings",In stock,55 Inches,55A7K,55 Inches
201,Isoelite Remote Compatible For Samsung Led/Lcd Remote Control Works With All Samsung Led/Lcd Tv Model No :- Bn59-607A (Please Match The Image With Your Old Remote)Black,299,3.9 out of 5 stars,"2,005 ratings",In stock,Isoelite,,
202,"MX TV Wall Mount Bracket for 32 to 55 Inch LED/HD/Smart TV’s, Full Motion Rotatable Universal Heavy Duty TV Wall Mount Stand (MX-3884)","1,399",4.0 out of 5 stars,483 ratings,In stock,Wall Mount,,
203,Sony Bravia 126 cm (50 inches) 4K Ultra HD Smart LED Google TV KD-50X64L (Black),"54,990",4.5 stars,"22,642 ratings",In stock,50 Inches,KD-50X64L,50 Inches
204,Westinghouse 80 cm (32 inches) HD Ready Smart Certified Android LED TV WH32SP12 (Black),"9,499",4.0 out of 5 stars,"3,368 ratings",In stock,32 Inches,WH32SP12,32 Inches
205,"Kuber Industries PVC Dot Print Waterproof & Dustproof TV Cover, 32 Inch (Transparent) 54KM4287",206,3.5 out of 5 stars,63 ratings,In stock,Polyvinyl Chloride (PVC),,
206,Oboe Silicone TV Remote Cover Compatible with LG TV Remote LG AN-MR21GA (2021) LG MR22GA (2022) LG Magic Remote Case with Loop (B-Black) [Remote NOT Included],399,4.5 out of 5 stars,"1,702 ratings",In stock,OBOE,,
207,"LOHAYA Universal Television Remote Compatible For All Panasonic Led Lcd Hd Tv Remote Control,Black",299,3.5 out of 5 stars,81 ratings,In stock,LOHAYA,,
208,Acer 109 cm (43 inches) V Series 4K Ultra HD Smart QLED Google TV AR43GR2851VQD (Black),"27,999",4.2 out of 5 stars,"1,529 ratings",In stock,43 Inches,AR43GR2851VQD,43 Inches
209,"7SEVEN Compatible for Sony Bravia LCD LED UHD OLED QLED 4K Ultra HD TV remote control with YouTube and NETFLIX Hotkeys. Universal Replacement for Original Sony Smart Android tv Remote Control, Black",369,4.4 out of 5 stars,572 ratings,In stock,7 SEVEN,,
210,V-Guard Neo Crystal Smart/Led Tv Up to 109 Cm + Set Top Box (Working Range: 90-290 VAC; 1.3 A),"2,039",3.9 out of 5 stars,46 ratings,In stock,,,
211,VW 126 cm (50 inches) QL Frameless Series 4K Ultra HD Smart QLED TV VW50QUW1 (Black),"28,999",4.4 out of 5 stars,187 ratings,In stock,50 Inches,VW50QUW1,50 Inches
212,Acer 189 cm (75 inches) Advanced I Series 4K Ultra HD Smart LED Google TV AR75GR2851UDFL (Black),,4.1 out of 5 stars,"5,246 ratings",,75 Inches,Acer 189 cm (75 inches) I Series 4K Ultra HD Smart LED Google TV AR75GR2851UDFL (Black) (2023 Model),75 Inches
213,Vu 108 cm (43 inches) Full HD UltraAndroid LED TV 43GA (Black) (2019 Model),,4.2 out of 5 stars,"4,870 ratings",,43 Inches,Ultra Android,43 Inches
214,LRIPL Compatible Sony Bravia LCD/led Remote Works with Almost All Sony led/LCD tv's,399,3.9 out of 5 stars,"2,187 ratings",In stock,LRIPL,,
215,SKYWALL 81.28 cm (32 inches) HD Ready Smart LED TV 32SWELS-PRO (Black),"7,999",4.1 stars,"1,389 ratings",In stock,32 Inches,SKYWALL,32 Inches
216,SKYWALL 81.28 cm (32 inches) HD Ready Smart LED TV 32SWELS-PRO (Black),"7,999",4.1 stars,"1,389 ratings",In stock,32 Inches,SKYWALL,32 Inches
217,TCL 139 cm (55 inches) 4K Ultra HD Smart QLED Google TV 55T6G (Black),"40,990",4.1 stars,"1,495 ratings",Only 1 left in stock.,55 Inches,55T6G,55 Inches
218,"(Refurbished) Samsung M7 32 Inch Uhd 2160P Smart LED Monitor, 4Ms Response Time, 1 Billion Color, Smart Tv Apps, White",,2.9 out of 5 stars,2 ratings,In stock,32 Inches,,32 Inches
219,Hisense 164 cm (65 inches) Tornado Series 4K Ultra HD Smart QLED TV 65E7K PRO (Dark Grey) | HSR 240 Mode | HRD 10+ | Game Mode Pro,"59,999",4.0 out of 5 stars,398 ratings,In stock,65 Inches,65E7K PRO,65 Inches
220,Macho Premium Ultra Clear Glossy HD Screen Guard Scratch Protector for TVS Raider 125 Scooter's Speedometer Display Console (Crystal Clear),255,3.7 out of 5 stars,13 ratings,In stock,MACHO - YOUR TRUST IS OUR MOTTO,,
221,RAYA Silicone Cover Compatible with REALME Smart LED TV Remote Protective Case with Lanyard [Remote NOT Included] (Red),245,4.7 out of 5 stars,5 ratings,In stock,RAYA,,
222,TCL 139 cm (55 inches) 4KUltra HD Smart QLED Google TV 55C645 (Black),"43,990",4.1 stars,"1,495 ratings",In stock,55 Inches,55C645,55 Inches
223,Oboe Silicone Tv Remote Cover Compatible with Redmi 4k Ultra 43 inch/Xiaomi OLED Series 55 inch/Xiaomi 5A Series 32/40/43 inch Remote Case with Loop (Glow in Dark Green) [Remote NOT Included],349,4.3 out of 5 stars,"1,121 ratings",In stock,OBOE,,
224,TCL 108 cm (43 inches) 4K Ultra HD Smart QLED Google TV 43T6G (Black),"28,990",4.1 stars,"1,495 ratings",In stock,43 Inches,43T6G,43 Inches
225,TCL 138.7 cm (55 inches) Bezel-Less Series 4K Ultra HD Smart LED Google TV 55P635 (Black),"35,990",4.1 stars,"1,402 ratings",In stock,55 Inches,55P635,55 Inches
226,Oboe Silicone TV Remote Cover Case Compatible with TCL Tv Remote RC802NU1 / IFFALCON Smart LED TV Remote Protective Cover with Lanyard (Black) [Remote NOT Included],499,4.4 out of 5 stars,84 ratings,In stock,OBOE,,
227,"SHOPOFLUX Silicone Remote Cover Compatible with Redmi 4k Ultra 43 inch, Xiaomi OLED Series 55 inch, Xiaomi 5A Series 32/40/43 inch TV (Red)",249,4.3 out of 5 stars,208 ratings,In stock,SHOPOFLUX,,
228,ALT 80 cm (32 inches) Bezelless HD LED Smart TV 32HACX (Black) 2023 Model,"7,999",4.2 out of 5 stars,640 ratings,In stock,80 Centimetres,Coolita Series,80 Centimetres
229,TOSHIBA 139 cm (55 inches) 4K Ultra HD Smart QLED Google TV 55M550MP (Black) | Full Array Local Dimming | HDR 10+ | REGZA Bass Woofer,"39,999",4.2 out of 5 stars,848 ratings,In stock,55 Inches,55M550MP,55 Inches
230,Acer 126 cm (50 inches) V Series 4K Ultra HD Smart QLED Google TV AR50GR2851VQD (Black),"34,999",4.2 out of 5 stars,"1,529 ratings",In stock,50 Inches,AR50GR2851VQD,50 Inches
231,Oboe Silicone Tv Remote Cover Compatible with Samsung Smart Tv Remote BN59-01312A QLED 8K 4K Smart TV Remote Protective Case with Remote Loop (Black) [Remote NOT Included],599,4.2 out of 5 stars,435 ratings,In stock,OBOE,,
232,SKYWALL 101.6 cm (40 inches) Full HD LED Smart TV 40SWFHS (Black),,3.4 out of 5 stars,"1,389 ratings",,40 Inches,SKYWALL,40 Inches
233,OnePlus 163.8 cm (65 inches) U Series 4K LED Smart Android TV 65U1S (Black),"61,999",4.2 out of 5 stars,"4,702 ratings",In stock,65 Inches,65U1S,65 Inches
234,Cornea Frameless Smart 165 cm (65 inch) Ultra HD (4K) Smart Android LED TV (with No Cost EMI Offer on All Major Banks),"50,599.",5.0 out of 5 stars,5 ratings,In stock,65 Inches,Cornea Frameless Smart 165 cm (65 inch) Ultra HD (4K) LED Smart TV,65 Inches
235,Hybite Remote Compatible with Panasonic LCD/LED Smart TV with Netflix Function (Old Remote Functions Must be Exactly Same),294,3.5 out of 5 stars,9 ratings,In stock,Hybite,,
236,Caldipree Silicone Remote Cover Case Pouch Sleeve Compatible for TCL iFFALCON Smart LED TV Remote Cover with Loop (Red),399,4.3 out of 5 stars,169 ratings,In stock,CALDIPREE,,
237,TCL 126 cm (50 inches) 4K Ultra HD Smart QLED Google TV 50C645 (Black),"35,990",4.1 stars,"1,495 ratings",In stock,50 Inches,50C645,50 Inches
238,"EARTHMA Universal Remote Control For Samsung 3D Smart Lcd Led Tv-Replacement,Black",358,4.1 out of 5 stars,"5,780 ratings",In stock,EARTHMA,,
239,LRIPL Remote Compatible for Philips Lcd/Led Smart Tv (Black),299,4.1 out of 5 stars,158 ratings,In stock,LRIPL,,
240,Caldipree Silicone Remote Cover Case Pouch Sleeve Compatible for TCL iFFALCON Smart LED TV Remote Cover with Loop (Red),399,4.3 out of 5 stars,169 ratings,In stock,CALDIPREE,,
241,TCL 126 cm (50 inches) 4K Ultra HD Smart QLED Google TV 50C645 (Black),"35,990",4.1 stars,"1,495 ratings",In stock,50 Inches,50C645,50 Inches
242,"EARTHMA Universal Remote Control For Samsung 3D Smart Lcd Led Tv-Replacement,Black",358,4.1 out of 5 stars,"5,780 ratings",In stock,EARTHMA,,
243,LRIPL Remote Compatible for Philips Lcd/Led Smart Tv (Black),299,4.1 out of 5 stars,158 ratings,In stock,LRIPL,,
244,LOHAYA Remote Compatible for Thomson/Kodak LED LCD Smart Ultra HD TV Remote Control,299,3.6 out of 5 stars,274 ratings,In stock,LOHAYA,,
245,Hisense 139 cm (55 inches) Bezelless Series 4K Ultra HD Smart LED Google TV 55A6K (Gray) | Dolby Vision & Atmos | HSR 120 Mode | Hands Free Voice Control,"38,999",4.0 out of 5 stars,"2,631 ratings",In stock,55 Inches,55A6K,55 Inches
246,Samsung 80 cm (32 Inches) HD Ready LED TV UA32T4010ARXXL (Black),"13,490",4.4 stars,"2,253 ratings",In stock,32 Inches,UA32T4010ARXXL,32 Inches
247,"LOHAYA Lcd/Led Remote Compatible For Sony Bravia Smart Lcd Led Uhd Oled Qled 4K Ultra Hd Tv Remote Control With Youtube & Netflix Function, Black",349,4.4 out of 5 stars,666 ratings,In stock,LOHAYA,,
248,Acer 139 cm (55 inches) H PRO Series 4K Ultra HD Smart LED Google TV AR55GR2851UDPRO (Black),"36,999",4.5 out of 5 stars,237 ratings,In stock,55 Inches,AR55GR2851UDPRO,55 Inches
249,"Store2508 Model-P4 6-Way Swivel Tilt TV Wall Mount for LCD/LED TV's from 32"" to 55"" Inch","1,299",4.2 out of 5 stars,76 ratings,In stock,Wall Mount,,
250,"Caprigo Heavy Duty TV Wall Mount Bracket for 14 to 32 Inch LED/HD/Smart TV’s, Universal Fixed TV Wall Mount Stand (M452)",399,4.3 out of 5 stars,"2,529 ratings",In stock,Wall Mount,,
251,V4 Gadgets TCL Remote Control Smart TV RC802V Remote Compatible for TCL TV Remote Original (Without Voice Function/Google Assistant and Non-Bluetooth Remote),240,3.4 out of 5 stars,64 ratings,In stock,V4 Gadgets,,
252,Westinghouse 60 cm (24 Inches) HD Ready LED TV WH24PL01 (Black),"5,999",3.8 out of 5 stars,269 ratings,In stock,24 Inches,WH24PL01,24 Inches
253,"SHOPOFLUX Silicone Remote Cover Compatible with Redmi 4k Ultra 43 inch, Xiaomi OLED Series 55 inch, Xiaomi 5A Series 32/40/43 inch TV (Blue)",249,4.3 out of 5 stars,208 ratings,In stock,SHOPOFLUX,,
254,Anycast Wireless WiFi 1080P HDMI Display TV Dongle Receiver Black,"1,299",3.6 out of 5 stars,"7,158 ratings",In stock,Anycast,,
255,Acer 127 cm (50 inches) H PRO Series 4K Ultra HD Smart LED Google TV AR50GR2851UDPRO (Black),"32,999",4.4 out of 5 stars,237 ratings,In stock,50 Inches,AR50GR2851UDPRO,50 Inches
256,TOSHIBA 164 cm (65 inches) 4K Ultra HD Smart QLED Google TV 65M550MP (Black) | Full Array Local Dimming | HDR 10+ | REGZA Bass Woofer,"54,999",4.2 out of 5 stars,848 ratings,In stock,65 Inches,65M550MP,65 Inches
257,Caldipree Silicone TV Remote Cover Compatible with Hisense Smart TV Remote VU GloLED Series Tv Remote Cover (Black),399,4.3 out of 5 stars,13 ratings,In stock,CALDIPREE,,
258,Vu 139 cm (55 inches) The Masterpiece Glo Series 4K Ultra HD Smart Android QLED TV 55QMP (Armani Gold) (2022 Model) | Built in 4.1 Speaker,"64,999",4.5 out of 5 stars,"1,809 ratings",In stock,55 Inches,Vu Masterpiece,55 Inches
259,"EARTHMA Remote Control For Lg Smart 3D Led Lcd Hdtv Tv Replacement,Black",399,4.2 out of 5 stars,"4,215 ratings",In stock,EARTHMA,,
260,Isoelite Universal Remote Compatible for Sony Bravia LCD LED TV Remote Control (Works with All Sony LED LCD HD Tv),299,4.4 out of 5 stars,183 ratings,In stock,Isoelite,,
261,"TECVITY® Remote No.N2QAYB001194 Replacement for, PANASONIC LED TV's Remote.",699,4.3 out of 5 stars,103 ratings,In stock,TECVITY,,
262,TCL 139 cm (55 inches) Bezel-Less Full Screen Series Ultra HD 4K Smart LED Google TV 55P635 Pro (Black),"37,890",4.1 stars,"1,402 ratings",Only 2 left in stock.,55 Inches,55P635 Pro,55 Inches
263,Toshiba 139 cm (55 inches) 4K Ultra HD Smart QLED Google TV 55M550LP (Black) | Power bass woofer 2.1 Channel | REGZA Engine 4K PRO,"37,999",4.2 out of 5 stars,848 ratings,In stock,55 Inches,,55 Inches
264,Vu 139 cm (55 inches) The Masterpiece Glo Series 4K Ultra HD Smart Android QLED TV 55QMP (Armani Gold) (2022 Model) | Built in 4.1 Speaker,"64,999",4.5 out of 5 stars,"1,809 ratings",In stock,55 Inches,Vu Masterpiece,55 Inches
265,TVS Electronics Champ Executive Multimedia Combo (Wired Keyboard & Mouse)|10 Million+ keystrokes|Multimedia Functions,729,4.3 out of 5 stars,"3,320 ratings",In stock,TVS ELECTRONICS,,
266,"EARTHMA Remote Control For Lg Smart 3D Led Lcd Hdtv Tv Replacement,Black",399,4.2 out of 5 stars,"4,215 ratings",In stock,EARTHMA,,
267,Hybite Remote Compatible with Panasonic LCD/LED Smart TV with Netflix Function (Old Remote Functions Must be Exactly Same),294,3.5 out of 5 stars,9 ratings,In stock,Hybite,,
268,TCL 139 cm (55 inches) Bezel-Less Full Screen Series Ultra HD 4K Smart LED Google TV 55P635 Pro (Black),"37,890",4.1 stars,"1,402 ratings",Only 2 left in stock.,55 Inches,55P635 Pro,55 Inches
269,Toshiba 139 cm (55 inches) 4K Ultra HD Smart QLED Google TV 55M550LP (Black) | Power bass woofer 2.1 Channel | REGZA Engine 4K PRO,"37,999",4.2 out of 5 stars,848 ratings,In stock,55 Inches,,55 Inches
270,Hisense 164 cm (65 inches) Tornado 3.0 Series 4K Ultra HD Smart LED Google TV 65A7K (Black) | Built-in JBL Soundbar & 25 W Subwoofer | HSR 120 Mode,"47,999",4.1 out of 5 stars,"1,607 ratings",In stock,65 Inches,65A7K,65 Inches
271,"EARTHMA Universal Remote Control For Samsung 3D Smart Lcd Led Tv-Replacement,Black",358,4.1 out of 5 stars,"5,780 ratings",In stock,EARTHMA,,
272,"LOHAYA Remote Compatible For Sanyo Led Lcd Hd Tv Remote Control [ Compatible For All Sanyo Tv Remote Control ],Black",299,3.7 out of 5 stars,150 ratings,In stock,LOHAYA,,
273,Hyundai 80 cm (32 inches) HD Ready Smart LED TV SMTHY32ECVRY1W (Black),"10,699",4.1 stars,39 ratings,In stock,32 Inches,Hyundai 80 cm (32 inches) HD Ready Smart LED TV with Voice Remote SMTHY32ECVRY1W (2022 Model),32 Inches
274,"Upix LCD/LED Remote No. URC119, Compatible/Replacement for Philips LCD/LED TV Remote Control (Exactly Same Remote Will Only Work)",269,4.0 out of 5 stars,425 ratings,In stock,UPIX,,
275,7SEVEN® Compatible LG Smart TV Remote Control with 3D Function - Universal LG Remote for LED LCD of LG TV Remote Control,379,4.4 out of 5 stars,197 ratings,In stock,7 SEVEN,,
276,Samsung 138 cm (55 inches) Crystal 4K Neo Series Ultra HD Smart LED TV UA55AUE65AKXXL (Black),"45,990",4.4 stars,"11,268 ratings",In stock,55 Inches,UA55AUE65AKXXL,55 Inches
277,Mi 108 cm (43 inches) 5X Series 4K LED Smart Android TV with Dolby Vision & 30W Dolby Atmos (Grey),"27,999",4.2 out of 5 stars,"1,223 ratings",In stock,43 Inches,Xiaomi TV 5X 43,43 Inches
278,Blaupunkt 126 cm (50 inches) Quantam Dot Series 4K Ultra HD QLED Google TV 50QD7010 (Black),"29,999",4.0 out of 5 stars,24 ratings,In stock,50 Inches,50QD7010,50 Inches
279,"(Refurbished) Acer DA240Y 23.8 Inch Smart Full HD VA Panel LCD Monitor with LED Backlight I Streaming TV, Netflix, YouTube I Media Playback I Wireless Mirroring I Bluetooth5.0 I HDR10 I Desktop Mode I Remote",,Previous page,,In stock,23.8 Inches,,23.8 Inches
280,"Hisense 164 cm (65 inches) Tornado 2.0 Series 4K Ultra HD Smart LED Google TV (65A7H, Silver) | Built in JBL 20 W Subwoofer | HDR 10+ | Dolby Vision & Atmos",,4.1 out of 5 stars,"1,607 ratings",,65 Inches,65A7H,65 Inches
281,"TVS ELECTRONICS Champ Plus Wired Keyboard, Guaranteed 10 Million Keystrokes for Durable Usage, Laser Etched, Bright & Bold Key Characters, 1.5 Meter USB Cable",599,3.9 out of 5 stars,"3,320 ratings",In stock,TVS ELECTRONICS,,
282,SHIELDGUARD® Smart LED TV Remote Compatible for Realme LED TV Remote Control with Netflix & YouTube Functions (Without Voice Function),299,3.7 out of 5 stars,71 ratings,In stock,SHIELDGUARD,,
283,7SEVEN® Compatible Magic Smart Lg Tv Remote Control Original Suitable for all Model MR600 MR650 MR18BA MR19BA MR20GA MR21GA MR22GA MR400 MR500 MR700 with All Feature Except No Mic and Pointer or Mouse,599,3.5 out of 5 stars,63 ratings,In stock,7 SEVEN,,
284,Tech Vibes Remote Compatible for Lg Magic Smart Tv Replacement of Original Remote Control (Mouse and Voice Not Supported) MR20GA Prime Video and Netflix Hotkeys,501,2.9 out of 5 stars,31 ratings,In stock,Tech Vibes,,
285,Astigo Compatible Remote for Micromax LED/LCD TV (Exact Same Remote Will only Work),299,4.1 out of 5 stars,39 ratings,In stock,astigo,,
286,Samsung 138 cm (55 inches) 4K Ultra HD Smart QLED TV QA55QE1CAKLXL (Titan Gray),"64,990",4.4 stars,"1,698 ratings",In stock,55 Inches,QA55QE1CAKLXL,55 Inches
287,iFFALCON 108 cm (43 inches) 4K Ultra HD Smart QLED Google TV iFF43Q73(Black),"24,999",4.1 stars,42 ratings,In stock,43 Inches,iFF43Q73,43 Inches
288,Oboe Silicone Tv Remote Cover Compatible with Oneplus Y1 Smart LED TV Remote Protective Case with Remote Loop (Black) [Remote NOT Included],399,4.3 out of 5 stars,"1,060 ratings",In stock,OBOE,,
289,iFFALCON 108 cm (43 inches) 4K Ultra HD Smart QLED Google TV iFF43Q73(Black),"24,999",4.1 stars,42 ratings,In stock,43 Inches,iFF43Q73,43 Inches
290,ALLIMITY RMT-TX100P Remote fit for Sony TV KD-43X8300C KD-43X8500C KD-49X8300C KD-49X8500C KD-55X8500C KD-55X9000C KD-55X9300C KD-55X9350D KD-65X8500C KD-65X9000C KD-65X9300C KD-65X9350D KD-75X8500C,489,3.7 out of 5 stars,430 ratings,In stock,allimity,,
291,"Upix LCD/LED Remote No. URC119, Compatible/Replacement for Philips LCD/LED TV Remote Control (Exactly Same Remote Will Only Work)",269,4.4 out of 5 stars,425 ratings,In stock,UPIX,,
292,MI 125 cm (50 inches) X Pro 4K Dolby Vision IQ Series Smart Google TV L50M8-5XIN (Black),"41,999",4.0 out of 5 stars,503 ratings,In stock,50 Inches,L50M8-5XIN,50 Inches
293,Astigo Remote Compatible with Sony LCD/LED TV Remote Control (Works with Most Sony LCD/LED TV),365,3.5 out of 5 stars,414 ratings,In stock,astigo,,
294,Panasonic 139 cm (55 inches) 4K Ultra HD Smart LED Google TV TH-55MX660DX (Black),"46,990",4.3 stars,398 ratings,In stock,55 Inches,TH-55MX660DX,55 Inches
295,Oboe Silicone TV Remote Cover Compatible with Sony Bravia Smart Tv 2023 Voice Remote RMF-TX910U Remote Protective Cover with Lanyard (D-Dark Blue) [Remote NOT Included],999,4.1 out of 5 stars,"1,159 ratings",In stock,OBOE,,
296,LipiWorld® CT-90380 LCD LED TV Universal Remote Control Compatible for Toshiba LED LCD,299,4.0 out of 5 stars,451 ratings,In stock,LipiWorld,,
297,LeonorTech Remote Compatible with LG TV Magic Remote Control Smart (Mouse & Non Voice) Prime Video and Netflix Hotkeys,499,3.2 out of 5 stars,26 ratings,In stock,LeonorTech,,
298,7SEVEN® Compatible for Croma Tv Remote Original Model EL7365 EL7368 EL7366 EL7367 of Croma Smart Android Television Without Voice Assistant and Alexa Feature,499,2.8 out of 5 stars,16 ratings,In stock,7 SEVEN,,
299,Kodak 126 cm (50 inches) Bezel-Less Design Series 4K Ultra HD Smart Android LED TV 50UHDX7XPROBL (Black),"24,990",4.3 out of 5 stars,"1,802 ratings",In stock,50 Inches,7XPRO,50 Inches
300,Oboe Silicone TV Remote Cover Case Compatible with Sony Smart Tv Voice Remote RMF-TX520P /A80J/X80J/X85J/X90J/X95J Remote Cover with Lanyard (Black) [Remote NOT Included],999,4.4 out of 5 stars,"1,159 ratings",In stock,OBOE,,
301,Panasonic 108 cm (43 inches) 4K Ultra HD Smart LED Google TV TH-43MX660DX (Black),"31,990",4.3 stars,398 ratings,In stock,43 Inches,TH-43MX660DX,43 Inches
302,Hybite Infrared Remote Compatible with Oneplus Android TV Replacement of Original one Plus Smart tv Remote with Netflix YouTube and Prime Video Hot Keys Without Voice Command,294,3.7 out of 5 stars,83 ratings,In stock,Hybite,,
303,"Hybite Remote Control Compatible For Tcl/Iffalcon Smart Hd 4K Led Tv With Netflix Function(Without Google Assist/Voice Function,Exactly Same Remote Will Only Work)Black",255,3.4 out of 5 stars,215 ratings,In stock,Hybite,,
304,SHIELDGUARD® Remote Control EN2BY27V Compatible for VU LED TV (Black),299,3.9 out of 5 stars,149 ratings,In stock,SHIELDGUARD,,
305,LOHAYA Television Remote Compatible with Samsung Smart LED/LCD/HD TV [ Compatible for All Samsung Tv ],299,3.9 out of 5 stars,"1,584 ratings",In stock,LOHAYA,,
306,Foxsky 80 cm (32 inches) HD Ready Smart LED TV 32FSELS-PRO (Black),"7,999",3.2 out of 5 stars,798 ratings,In stock,32 Inches,FOXSKY,32 Inches
307,Oboe Silicone TV Remote Cover for 2022 Samsung Smart TV Remote QLED TV BN68-13897A TM2280E Anti-Lost with Remote Loop (Glow in Dark Green) [Remote NOT Included],699,4.4 out of 5 stars,45 ratings,In stock,OBOE,,
308,"Caprigo Super Heavy Duty TV Wall Mount Bracket for 23 to 43 Inch LED/HD/Smart TV’s, Full Motion Rotatable Universal TV Wall Mount Stand with Swivel & Tilt Adjustments (M456)","1,099",4.0 out of 5 stars,958 ratings,In stock,Wall Mount,,
309,TVS ELECTRONICS USB Gold Keyboard (Black),"2,499",4.5 out of 5 stars,"2,962 ratings",In stock,TVS ELECTRONICS,,
310,"Upix LCD/LED Remote No. 2213, Compatible/Replacement for Onida LCD/LED TV Remote Control (Exactly Same Remote Will Only Work)",299,4.4 out of 5 stars,284 ratings,In stock,UPIX,,
311,"Caprigo Full Motion TV Wall Mount Bracket for 32 to 55 Inch LED/HD/Smart TV’s, Universal Heavy Duty TV Wall Mount Stand with Swivel Rotation & Tilt Adjustments (M460-P4)","1,799",4.1 out of 5 stars,"2,291 ratings",In stock,Wall Mount,,
312,"Caprigo Full Motion TV Wall Mount Bracket for 32 to 55 Inch LED/HD/Smart TV’s, Universal Heavy Duty TV Wall Mount Stand with Swivel Rotation & Tilt Adjustments (M460-P4)","1,799",4.1 out of 5 stars,"2,291 ratings",In stock,Wall Mount,,
313,Sansui 127 cm (50 inches) 4K Ultra HD Certified Android LED TV JSW50ASUHD (Mystique Black),"27,990",3.6 out of 5 stars,107 ratings,In stock,50 Inches,SANSUI LED - JSW50ASUHD,50 Inches
314,Hisense 108 cm (43 inches) Bezelless Series 4K Ultra HD Smart LED Google TV 43A6H (Black),"19,999",4.1 out of 5 stars,"1,316 ratings",In stock,43 Inches,43A6H,43 Inches
315,7SEVEN® Compatible Sony Tv Remote for Original Bravia LCD LED UHD OLED Smart Android 4k Sony Remote Control Non Voice Command Infrared Technology,379,4.4 out of 5 stars,65 ratings,In stock,7 SEVEN,,
316,RAYA Silicon Protective Case Cover Compatible with Samsung Smart TV Remote Control 2022 TM2280E QLED TV BN68-13897A [Remote NOT Included] (Sky Blue),350,Previous page,,In stock,,,
317,Acer 178 cm (70 inches) XL Series 4K Ultra HD Smart LED Google TV AR70GR2851UD (2023 Model) (Black),"64,999",4.3 stars,7 ratings,In stock,70 Inches,AR70GR2851UD,70 Inches
318,7SEVEN® Dish TV Remote Control Compatible with All Dish TV SD/HD DTH with Recording Set Top Box,239,3.8 out of 5 stars,33 ratings,In stock,7 SEVEN,,
319,Caldipree Silicone Protective Case Cover Compatible with LG AN-MR21GA MR22GA MR23GA Magic Remote Shockproof for LG Smart TV Remote 2021 2022 2023 Protective Skin Waterproof Anti-Lost (Black),399,4.5 out of 5 stars,263 ratings,In stock,CALDIPREE,,
320,Mi 80 cm (32 inches) Horizon Edition HD Ready Android Smart LED TV 4A | L32M6-EI (Grey),"16,499",4.3 out of 5 stars,"40,897 ratings",In stock,32 Inches,Mi TV 4A Horizon Edition,32 Inches
321,Samsung 214 cm (85 inches) 8K Ultra HD Smart Neo QLED TV QA85QN900CKXXL (Titan Black),"10,99,990",4.4 stars,8 ratings,In stock,85 Inches,QA85QN900CKXXL,85 Inches
322,"Lions Head Premium TV Wall Mount Bracket Dual Articulating Arms Rotation for Most LED, LCD, OLED TVs, Holds up to 25kg, Max VESA 50x200 mm Wide Cable Manger & mounting Closer (14 inch to 47 Inch)","1,090",4.4 out of 5 stars,241 ratings,In stock,Wall Mount,,
323,7SEVEN® Compatible with Samsung Tv Remote Original (SP-RCTSV1312F-A),999,4.4 out of 5 stars,179 ratings,In stock,7 SEVEN,,
324,ETUZI Silicone Remote Cover for ONE Plus LED TV Remote | Remote Case for 1+ Y Series LED Smart TV 32 inches [32Y1] 43 inches [43Y1] with Netflix YouTube Function (Black),348,4.3 out of 5 stars,395 ratings,In stock,ETUZI,,
325,Beston 80 cm (32 inches) WebOS Series HD Ready Smart LED TV BS32HW1 (Black),"8,590",4.2 out of 5 stars,487 ratings,In stock,32 Inches,BS32HW1,32 Inches
326,Hisense 189 cm (75 inches) Bezelless Series 4K Ultra HD Smart LED Google TV 75A6K (Gray) | Dolby Vision & Atmos | HSR 120 Mode | Hands Free Voice Control,"99,990",4.0 out of 5 stars,"2,631 ratings",In stock,75 Inches,75A6K,75 Inches
327,SMK Remote Suitable for Samsung LED/LCD TV,239,Previous page,,Only 1 left in stock.,Generic,,
328,Electvision Compatible for Samsung Smart 4K Ultra HD TV Monitor Remote Control Replacement of Original Remote for LED OLED UHD QLED and Suitable for 6 7 8 Series Samsung TV with Hot Keys,349,4.4 out of 5 stars,"1,208 ratings",In stock,Electvision,,
329,"7SEVEN™ Air Fly Mouse Universal Smart Remote with Keyboard and Intelligent Learning (IR Learning Feature) for Smart TV,Android TV Box,Mini PC, Laptop, Projector,IPTV, HPTV, Set top Cable TV and Gaming",949,4.4 out of 5 stars,190 ratings,In stock,7 SEVEN,,
330,TCL 108 cm (43 inches) Bezel-Less Full Screen Series Ultra HD 4K Smart LED Google TV 43P635 Pro (Black),"27,800",4.1 stars,"1,402 ratings",Only 1 left in stock.,43 Inches,43P635 Pro,43 Inches
331,LOHAYA Compatible Smart 4K OLED UHD LED Remote Control for Samsung TV Original Various Model of remotes and televisions Listed in Product Description - Non Voice No Bluetooth Remote Control,399,4.4 out of 5 stars,52 ratings,In stock,LOHAYA,,
332,Sony Bravia 126 cm (50 inches) 4K Ultra HD Smart LED Google TV KD-50X70L (Black),"55,090",4.5 stars,156 ratings,In stock,50 Inches,KD-50X70L,50 Inches
333,7SEVEN® Compatible for Nokia Tv Remote Control Original Suitable for LED UHD OLED 4K Smart Android Television Without Voice Command and No Google Assistant Feature,429,3.3 out of 5 stars,27 ratings,In stock,7 SEVEN,,
334,"LOHAYA Remote Compatible for Micromax LED LCD Tv Remote Control (Please Match The Image with Your Existing Remote), Black",299,4.4 out of 5 stars,39 ratings,In stock,LOHAYA,,
335,MI 108 cm (43 inches) X Pro 4K Dolby Vision IQ Series Smart Google TV L43M8-5XIN (Black),"32,999",4.0 out of 5 stars,503 ratings,In stock,43 Inches,L43M8-5XIN,43 Inches
336,Sony Bravia 126 cm (50 inches) 4K Ultra HD Smart LED Google TV KD-50X70L (Black),"55,090",4.5 stars,156 ratings,In stock,50 Inches,KD-50X70L,50 Inches
337,7SEVEN® Compatible for Nokia Tv Remote Control Original Suitable for LED UHD OLED 4K Smart Android Television Without Voice Command and No Google Assistant Feature,429,3.3 out of 5 stars,27 ratings,In stock,7 SEVEN,,
338,"LOHAYA Remote Compatible for Micromax LED LCD Tv Remote Control (Please Match The Image with Your Existing Remote), Black",299,4.4 out of 5 stars,39 ratings,In stock,LOHAYA,,
339,MI 108 cm (43 inches) X Pro 4K Dolby Vision IQ Series Smart Google TV L43M8-5XIN (Black),,4.0 out of 5 stars,503 ratings,,43 Inches,L43M8-5XIN,43 Inches
340,"RISSACHI Heavy Duty Full Motion Cantilever Tilt Swivel Ceiling Mount Bracket for 26"" inch to 55” LED, LCD and Plasma TV for VESA Sizes 75 x 75 Upto 400 x 400 mm (Ceiling Swivel 26''- 55'')","1,899",4.4 out of 5 stars,53 ratings,In stock,Wall Mount,,
341,TCL 126 cm (50 inches) Bezel-Less Full Screen Series Ultra HD 4K Smart LED Google TV 50P635 Pro (Black),"33,990",4.1 stars,"1,402 ratings",In stock,50 Inches,50P635 Pro,50 Inches
342,LRIPL LR510 LX328 Remote Control for All Non Branded/Local/Chinese Televisions LCD LED Smart TV,319,3.8 out of 5 stars,50 ratings,In stock,LRIPL,,
343,"Supreme Heavy Duty TV Wall Mount Bracket for 32 to 55 Inch LED/HD/Smart TV’s, Universal Fixed TV Wall Mount Stand",599,4.1 out of 5 stars,19 ratings,In stock,Wall Mount,,
344,7SEVEN® Compatible for Panasonic Tv Remote Original and Suitable for Smart Android 4K LED UHD Panasonic Television Remote Control,499,4.4 out of 5 stars,10 ratings,In stock,7 SEVEN,,
345,7SEVEN® Compatible with Samsung Tv Remote Original (SP-RCTS1315L-A),329,4.4 out of 5 stars,109 ratings,In stock,7 SEVEN,,
346,Mi 189.34cm (75 inches) Q1 Series 4K Smart QLED TV with Full Array Local Dimming & 120Hz Refresh Rate (Metallic Grey),"1,44,999",4.3 stars,562 ratings,In stock,75 Inches,Mi QLED TV 75,75 Inches
347,BN59-01199F Remote Control for Samsung LCD/LED TV's,230,4.4 out of 5 stars,"2,219 ratings",In stock,UBay,,
348,Cotbolt Silicone Case Cover Compatible for Samsung BN59-01312A QLED 8K 4K Smart TV Remote Shockproof Protective Remote Cover (Black),349,4.5 out of 5 stars,"1,220 ratings",In stock,Cotbolt,,
349,Wings Star Transparent Led tv Cover for Kodak 139 cm (55 Inches) 4K Ultra HD Certified Android LED TV 55UHDX7XPRO (Black) (2020 Model),329,Previous page,,In stock,5 Inches,,5 Inches
350,chmy Protective Silicone Remote Case for Sony RMT-TX102U RMF-TX200U RMT-TX200U RMF-TX300U Smart Android TV Voice Remote Controller Washable Skin-Friendly Remote Cover with Loop (Black),589,4.4 out of 5 stars,154 ratings,In stock,通用,,
351,Cotbolt Silicon Case Compatible for Fire TV Stick 2021 Remote Control 3rd Generation Alexa Voice Firetvstick Cover (Black) (Remote Not Included),349,4.4 out of 5 stars,527 ratings,In stock,Cotbolt,,
352,LG 108 cm (43 inches) 4K Ultra HD Smart LED TV 43UQ8020PSB (Dark Iron Gray),"34,990",4.5 stars,"4,681 ratings",In stock,43 Inches,UHD TV,43 Inches
353,"Infrared Replacement Remote Control Compatible with Apple TV 4K HD MC377LL/A, Fit for Apple TV2 TV3, for Apple 5th TV HD, for 1st 2nd 3rd 4th 5th Generation A1156 A1427 A1469 A1378 (NO Volume Control)",799,4.0 out of 5 stars,263 ratings,Only 2 left in stock.,YiBiChin,,
354,"Kodak 164 Cm (65 Inches) Matrix Series 4K Ultra Hd Smart QLED Google Tv 65Mt5033, Black","46,999",4.3 out of 5 stars,"1,107 ratings",In stock,65 Inches,Matrix Series,65 Inches
355,SHIELDGUARD® Remote Control No. 825 with Netflix & YouTube Functions Compatible for Croma LED TV (No Voice Function) (Black),399,3.1 out of 5 stars,4 ratings,In stock,SHIELDGUARD,,
356,Sansui 102cm (40 inches) Full HD Certified Android LED TV JSW40ASFHD (Midnight Black) With Voice Search Smart Remote,"18,999",3.9 out of 5 stars,237 ratings,In stock,40 Inches,the one,40 Inches
357,"X Electron 80 cm (32 inch) Frameless Series HD Ready Smart Android LED TV 32XETV (2023, Black)","8,499",4.2 out of 5 stars,70 ratings,Only 2 left in stock.,32 Inches,32XETV,32 Inches
358,"Rissachi Rotatable TV Wall Mount Stand for 12 to 27 inch LCD/LED/Monitor/Smart TV, Full Motion Swivel Bracket",490,3.7 out of 5 stars,"1,129 ratings",In stock,Wall Mount,,
359,"Lions Head 43 INC to 55 INC Premium TV Wall Mount Full Motion with Cable MAGANTMENT and AUAL ARTICULATING ARMS Swivel TILT Rotation for LED,LCD OLED Flat Curved TVS,Weight Holds 35 KG with HDMI","1,650",4.4 out of 5 stars,138 ratings,In stock,Wall Mount,,
360,"Kodak 164 Cm (65 Inches) Matrix Series 4K Ultra Hd Smart QLED Google Tv 65Mt5033, Black","46,999",4.3 out of 5 stars,"1,107 ratings",In stock,65 Inches,Matrix Series,65 Inches
361,SHIELDGUARD® Remote Control No. 825 with Netflix & YouTube Functions Compatible for Croma LED TV (No Voice Function) (Black),399,4.4 out of 5 stars,4 ratings,In stock,SHIELDGUARD,,
362,Sansui 102cm (40 inches) Full HD Certified Android LED TV JSW40ASFHD (Midnight Black) With Voice Search Smart Remote,"18,999",3.9 out of 5 stars,237 ratings,In stock,40 Inches,the one,40 Inches
363,"X Electron 80 cm (32 inch) Frameless Series HD Ready Smart Android LED TV 32XETV (2023, Black)","8,499",4.2 out of 5 stars,70 ratings,Only 2 left in stock.,32 Inches,32XETV,32 Inches
364,"Rissachi Rotatable TV Wall Mount Stand for 12 to 27 inch LCD/LED/Monitor/Smart TV, Full Motion Swivel Bracket",490,3.7 out of 5 stars,"1,129 ratings",In stock,Wall Mount,,
365,"Lions Head 43 INC to 55 INC Premium TV Wall Mount Full Motion with Cable MAGANTMENT and AUAL ARTICULATING ARMS Swivel TILT Rotation for LED,LCD OLED Flat Curved TVS,Weight Holds 35 KG with HDMI","1,650",4.4 out of 5 stars,138 ratings,In stock,Wall Mount,,
366,"SAFWE - TVBS 1832 - Universal TV Base Stand -Table top Stand - TV Table Mount Fits Most 18 to 32 inch LCD & LED TV - VESA up to 100 x 200, 200 x 200, 200 x 300 mm (Materiel : Metal/Color : Black)","1,399",4.3 out of 5 stars,93 ratings,In stock,Wall Mount,,
367,Universal Remote Control for Samsung-TV-Remote All Samsung LCD LED HDTV 3D Smart TVs Models.,264,4.4 out of 5 stars,"4,225 ratings",In stock,Angrox,,
368,Sony Bravia 80 cm (32 inches) HD Ready Smart LED Google TV KD-32W830K (Black) (2022 Model) | with Alexa Compatibility,"26,940",4.5 stars,673 ratings,In stock,32 Inches,Bravia,32 Inches
369,Acer 109 cm (43 inches) H PRO Series 4K Ultra HD Smart LED Google TV AR43GR2851UDPRO (Black),"25,999",4.4 out of 5 stars,237 ratings,In stock,43 Inches,AR43GR2851UDPRO,43 Inches
370,Haier LED 43 Inch Bezel Less Google Android Smart AI Plus Television (LE43K7200GA_Black),"28,990",Previous page,,In stock,40 Inches,HAIER LED LE43K7200GA,40 Inches
371,"Star Weaves PVC Transparent Led Tv Cover For Sony 43 Inches Led Tvs (All Models) - Dustproof Television Cover Protector For 43 Inch Lcd, Led, Plasma Television",369,3.5 out of 5 stars,43 ratings,In stock,Polyvinyl Chloride (PVC),,
372,"7SEVEN® Compatible HTR-U27E HAIER TV Remote Control with Google Assistant, Bluetooth Voice Command HAIER Remote Android tv with Netflix YouTube hot Keys. Pairing Must!","1,449",4.4 out of 5 stars,41 ratings,In stock,7 SEVEN,,
373,7SEVEN® Infrared Non Voice oneplus Remote | 1+ Android TV Remote | Replacement of Original one Plus Smart tv Remote with Netflix YouTube and Prime Video Hot Keys,389,4.4 out of 5 stars,234 ratings,In stock,7 SEVEN,,
374,7SEVEN® Compatible LG TV Remote Suitable for LG Non Magic Smart tv Remote Control (Mouse & Voice Non-Support) MR20GA Prime Video and Netflix Hotkeys,549,4.4 out of 5 stars,248 ratings,In stock,7 SEVEN,,
375,Talabat�Bluetooth Voice Command Remote Compatible for Xiaomi Redmi Mi Smart TV with Netflix & Prime Video Hot Keys XMRM-00A,649,4.4 out of 5 stars,9 ratings,In stock,Talabat,,
376,Nu 109 cm (43 inch) WebOS Series 4K Ultra HD Smart LED TV LED43UWA1 (Black) 2023 Model,"23,990",4.5 out of 5 stars,956 ratings,In stock,43 Inches,43 inch,43 Inches
377,SHOPOFLUX Silicone Remote Cover Compatible with Oneplus Q Series/U Series / Y1S / Y1S Edge Smart LED TV Remote (Blue),249,4.3 out of 5 stars,228 ratings,In stock,SHOPOFLUX,,
378,TCL 164 cm (65 inches) 4K Ultra HD Smart QLED Google TV 65C645 (Black),"66,990",4.1 stars,"1,495 ratings",In stock,65 Inches,65C645,65 Inches
379,Caldipree Silicone TV Remote Cover Compatible with Hisense Smart TV Remote VU GloLED Series Tv Remote Cover (Pink),399,5.0 out of 5 stars,2 ratings,In stock,CALDIPREE,,
380,LipiWorld® RM-1180M -1(N2QAYB000823 N2QAYB000486 N2QAYB000820 N2QAYB000487 N2QAYB000752 N2QAYB000572) Remote Compatible with All Most Panasonic LCD LED Plasma TV,319,4.2 out of 5 stars,329 ratings,In stock,LipiWorld,,
381,Lloyd 189 cm (75 Inches) 4K Ultra HD Smart QLED TV 75QX900D (Black) (2022 Model),"1,19,000",2.9 out of 5 stars,2 ratings,In stock,75 Inches,75QX900D,75 Inches
382,Sansui 140 cm (55 inches) 4K Ultra HD Smart QLED Google TV JSW55GSQLED (Black),"34,999",3.8 out of 5 stars,205 ratings,In stock,55 Inches,JSW55GSQLED,55 Inches
383,VU 164 cm (65 inches) The GloLED Series 4K Smart LED Google TV 65GloLED (Grey),"60,990",4.5 out of 5 stars,"4,121 ratings",Only 2 left in stock.,65 Inches,Vu GloLED Series,65 Inches
384,Caldipree Silicone TV Remote Cover Compatible with Hisense Smart TV Remote VU GloLED Series Tv Remote Cover (Pink),399,5.0 out of 5 stars,2 ratings,In stock,CALDIPREE,,
385,LipiWorld® RM-1180M -1(N2QAYB000823 N2QAYB000486 N2QAYB000820 N2QAYB000487 N2QAYB000752 N2QAYB000572) Remote Compatible with All Most Panasonic LCD LED Plasma TV,319,4.2 out of 5 stars,329 ratings,In stock,LipiWorld,,
386,Lloyd 189 cm (75 Inches) 4K Ultra HD Smart QLED TV 75QX900D (Black) (2022 Model),"1,19,000",2.9 out of 5 stars,2 ratings,In stock,75 Inches,75QX900D,75 Inches
387,Sansui 140 cm (55 inches) 4K Ultra HD Smart QLED Google TV JSW55GSQLED (Black),"34,999",3.8 out of 5 stars,205 ratings,In stock,55 Inches,JSW55GSQLED,55 Inches
388,VU 164 cm (65 inches) The GloLED Series 4K Smart LED Google TV 65GloLED (Grey),"60,990",4.5 out of 5 stars,"4,121 ratings",Only 2 left in stock.,65 Inches,Vu GloLED Series,65 Inches
389,"LG - 19M38HB, 19 Inch (47cm) 1366 X 768 Pixels, Led HD Ready Monitor, TN Panel with VGA, Hdmi Ports (Black)","5,299",4.0 out of 5 stars,"2,794 ratings",In stock,16.8D x 44.1W x 35H Centimeters,,
390,LRIPL TV Remote Control compatible for Samsung 3D Smart Led LCD HD UHD Tv,310,4.1 out of 5 stars,"1,463 ratings",In stock,LRIPL,,
391,Caldipree Protective Silicone LG Magic Remote Cover Case Shockproof Washable Skin Anti-Lost Remote Holder Cover with Lanyard for LG AN-MR600 ANMR650 ANMR18BA 3D TV Magic Remotes (RED),349,4.1 out of 5 stars,744 ratings,In stock,CALDIPREE,,
392,Cotbolt Silicone Remote Cover Case Pouch Compatible with OnePlus Q Series Q2 Pro Smart TV Remote Cover with Loop (Black),399,4.4 out of 5 stars,14 ratings,In stock,Cotbolt,,
393,Caldipree Silicone Heavy Duty Armor Case Cover Compatible with Sony Smart Tv Voice Remote RMF-TX520P A80J X80J X85J X90J X95J Remote Cover (Black),699,4.5 out of 5 stars,57 ratings,In stock,CALDIPREE,,
394,TCL 108 cm (43 inches) Bezel-Less Series 4K Ultra HD Smart LED Google TV 43P635 (Black),"25,990",4.1 stars,"1,402 ratings",In stock,43 Inches,43P635,43 Inches
395,Hisense 108 cm (43 inches) Android 11 Series Full HD Smart Certified Android LED TV 43A4G (Black) | DTS Virtual X | Dolby Audio,"21,999",4.0 out of 5 stars,515 ratings,In stock,43 Inches,43A4G,43 Inches
396,Caldipree Silicone Case Cover Compatible with Xiaomi Mi TV Remote (Netflix/Amazon Model Only) 4X 4A (Remote NOT Included) Blue,299,4.3 out of 5 stars,217 ratings,In stock,CALDIPREE,,
397,RAYA Silicone TV Remote Cover Compatible with Redmi TV 4k Ultra 43 inch/Xiaomi OLED Series 55 inch/Xiaomi 5A Series 32/40/43 inch Remote Protective Case [Remote NOT Included] (Luminous Green),225,4.8 out of 5 stars,5 ratings,In stock,RAYA,,
398,MI 138 cm (55 inches) X Pro 4K Dolby Vision IQ Series Smart Google TV L55M8-5XIN (Black),"47,999",4.0 out of 5 stars,503 ratings,In stock,55 Inches,L55M8-5XIN,55 Inches
399,LOHAYA RMT-TX200P Replacement Remote Control fit for Sony Bravia LCD LED TV KDL-55W800D KDL-50W800D KDL-43W800D KDL55W800D KDL50W800D KDL43W800D [ Compatible for Sony Tv Remote Control ],299,3.2 out of 5 stars,136 ratings,In stock,LOHAYA,,
400,Haier 80 cm (32 inches) HD Ready Smart LED Google TV LE32W400G (Black),"12,999",3.8 out of 5 stars,15 ratings,In stock,32 Inches,LE32W400G,32 Inches
401,HDF LCD/LED TV Remote Control Compatible for Lloyd Smart LCD/LED TV | LCD/LED TV Remote No. YT-NFLXFNC - Please Match The Image with Your Old Remote,349,4.4 out of 5 stars,47 ratings,In stock,HDF,,
402,"Electvision Remote Control Compatible with Kodak Smart led tv (Without Voice) Please Match with Your Old Remote Before Placing Order for verification Contact Our coustmer Care 7738090464, Black",339,3.3 out of 5 stars,"1,208 ratings",In stock,Electvision,,
403,SHOPOFLUX Silicone Remote Cover Compatible with REALME Smart LED TV Anti Slip Remote Case Shockproof Cover (Black),249,4.3 out of 5 stars,44 ratings,In stock,SHOPOFLUX,,
404,LOHAYA TCL Remote Control Smart TV with Netflix Key Compatible for All TCL Model TV | TCL Remote Universal Support All Model of TCL TV Without Voice Command,499,4.4 out of 5 stars,33 ratings,In stock,LOHAYA,,
405,Cotbolt Silicone Case Compatible for Apple TV 4k 2021 2022 2nd 3rd Generation Model Remote Cover (White),349,4.4 out of 5 stars,168 ratings,In stock,Cotbolt,,
406,Woniry Remote Control Compatible with Thomson Brand Smart led tv (Without Voice Function),349,4.4 out of 5 stars,11 ratings,In stock,Woniry,,
407,LOHAYA TV Remote Compatible for Panasonic Smart LED LCD TV Without Voice Function Remote Control,449,4.4 out of 5 stars,25 ratings,In stock,LOHAYA,,
408,LG 108 cm (43 inches) 4K Ultra HD Smart LED TV 43UR7500PSC (Dark Iron Gray),"31,990",4.5 stars,"4,681 ratings",In stock,43 Inches,43UR7500PSC,43 Inches
409,Panasonic 108 cm (43 inches) 4K Ultra HD Smart LED Google TV TH-43MX660DX (Black),"31,990",4.3 stars,398 ratings,In stock,43 Inches,TH-43MX660DX,43 Inches
410,Cotbolt Silicone Case Compatible for Apple TV 4k 2021 2022 2nd 3rd Generation Model Remote Cover (White),349,4.4 out of 5 stars,168 ratings,In stock,Cotbolt,,
411,Woniry Remote Control Compatible with Thomson Brand Smart led tv (Without Voice Function),349,4.4 out of 5 stars,11 ratings,In stock,Woniry,,
412,LOHAYA TV Remote Compatible for Panasonic Smart LED LCD TV Without Voice Function Remote Control,449,4.4 out of 5 stars,25 ratings,In stock,LOHAYA,,
413,SHIELDGUARD® Remote Control No. 167 Compatible for Videocon LED/LCD TV & Setup Box (Black),279,3.6 out of 5 stars,63 ratings,In stock,SHIELDGUARD,,
414,LipiWorld® LED Smart TV Remote Control (Old Remote Exactly Same Remote Will Only Work) Compatible for Itel Tv Remote,349,Previous page,,In stock,LipiWorld,,
415,Caldipree Silicone Remote Cover Case Pouch Sleeve Compatible for MI Xiaomi Redmi Smart tv Remote Case with Loop (Blue),299,4.4 out of 5 stars,153 ratings,In stock,CALDIPREE,,
416,ALLIMITY BN59-01259E Remote fit for Samsung 4K Curved Smart TV K5570 UA32K5570AULXL UA32K5570AUMXL UA40K5570AULXL UA40K5570AUMXL UA43K5570AU UA43K5570AUMXL UA49K5570AU UA49K5570AUMXL UA55K5570AUMXL,374,4.1 out of 5 stars,814 ratings,In stock,allimity,,
417,LOHAYA Remote Compatible for Thomson LED LCD HD Tv Remote Control [ Compatible for Thomson Tv Remote Control ],299,3.8 out of 5 stars,38 ratings,In stock,LOHAYA,,
418,Oboe Silicone Tv Remote Cover Compatible with Samsung Smart Tv Remote 2023 Model TM-2360 E Remote Protective Key Cover Case with Lanyard (D-Dark Grey) [Remote NOT Included],899,4.2 out of 5 stars,603 ratings,In stock,OBOE,,
419,Karbonn 60 cm (24 inches) Millennium Series HD Ready LED TV KJW24NSHD (Phantom Black),"6,990",3.9 out of 5 stars,415 ratings,In stock,24 Inches,KJW24NSHD,24 Inches
420,Mi 100 cm (40 inches) Horizon Edition Full HD Android LED TV 4A | L40M6-EI (Black),"21,999",4.3 out of 5 stars,"40,897 ratings",In stock,40 Inches,Mi TV 4A 40 Horizon,40 Inches
421,Blaupunkt 164 cm (65 inches) Quantam Dot Series 4K Ultra HD QLED Google TV 65QD7030 (Black),"47,999",4.0 out of 5 stars,24 ratings,In stock,65 Inches,65QD7030,65 Inches
422,SKYWALL 81.28 cm (32 inches) HD Ready Smart LED TV 32SWELS-PRO (Black),"7,999",4.1 stars,"1,389 ratings",In stock,32 Inches,SKYWALL,32 Inches
423,Westinghouse 106 cm (43 inches) Full HD Smart Certified Android LED TV WH43SP99 (Black),"14,499",4.0 out of 5 stars,"3,368 ratings",In stock,43 Inches,WH43SP99,43 Inches
424,TCL 249 cm (98 inches) 4K Ultra HD Smart QD-Mini LED Google TV 98C755 (Black),"4,99,990",4.1 stars,126 ratings,In stock,98 Inches,98C755,98 Inches
425,VOLTONIX Dish TV Remote Control Compatible with All Dish TV SD/HD DTH with Recording Set Top Box,255,3.7 out of 5 stars,"2,056 ratings",In stock,VOLTONIX,,
426,Hybite Remote Control Compatible with Kodak 4k Smart led tv Without Voice & Google Assistant Functions (Exactly Same Remote Will Only Work) Without Voice Remote,330,4.4 out of 5 stars,1 rating,In stock,Hybite,,
427,7SEVEN® Compatible for Haier Tv Remote Original HTR-U31Model and Suitable for Haier Smart Android 4k LED UHD HD Television Without Voice Command Feature,599,3.4 out of 5 stars,13 ratings,In stock,7 SEVEN,,
428,ALLIMITY RMT-TX200P Replacement Remote Control fit for Sony Bravia LCD LED TV KDL-55W800D KDL-50W800D KDL-43W800D KDL55W800D KDL50W800D KDL43W800D,498,3.6 out of 5 stars,328 ratings,In stock,allimity,,
429,Oboe Silicone TV Remote Cover Case Compatible with Hisense Tv Remote VU GOLED Tv Remote Cover with Lanyard (Dark Grey) [Remote NOT Included],499,4.4 out of 5 stars,255 ratings,In stock,OBOE,,
430,"Rissachi Super Heavy Duty TV Wall Mount Bracket for 32 to 55 Inch LED/HD/Smart TV’s, Universal Fixed TV Wall Mount Stand",549,4.4 out of 5 stars,54 ratings,In stock,Wall Mount,,
431,SKYWALL 127 cm (50 inches) 4K Ultra HD Smart LED TV 50SW-VS (Black),"22,399",4.1 stars,44 ratings,In stock,50 Inches,SKYWALL,50 Inches
432,SHIELDGUARD® Remote Control Compatible for Croma LED/LCD TV,289,4.4 out of 5 stars,7 ratings,In stock,SHIELDGUARD,,
433,Lloyd 80 cm (32 Inches) HD Ready Smart LED TV 32HS551D (Black) (2022 Model),"18,499",5.0 out of 5 stars,3 ratings,In stock,32 Inches,32HS551D,32 Inches
434,Dealfreez Protective Full Wrap Silicone Case Compatible with New Siri Apple TV 4k 2nd Generation Remote Skin-Friendly Shock Proof Anti-Slip Washable Protective Cover Sleeve (C-Dark Grey),599,4.4 out of 5 stars,"1,619 ratings",In stock,DEALFREEZ,,
435,RAYA Silicone TV Remote Cover Compatible with LG Smart TV Remote LG AN-MR21GA (2021) LG MR22GA (2022) LG Magic Remote Case with Lanyard [Remote NOT Included] (Luminous Blue),325,4.0 out of 5 stars,2 ratings,In stock,RAYA,,
436,Panasonic 80 cm (32 inches) HD Ready Smart LED Google TV TH32MS660DX (Black),"15,990",4.3 stars,"3,417 ratings",In stock,32 Inches,TH-32MS660DX,32 Inches
437,Foxsky 80 cm (32 inches) HD Ready Smart LED TV 32FSELS-PRO (Black),"7,999",4.4 out of 5 stars,798 ratings,In stock,32 Inches,FOXSKY,32 Inches
438,Oboe Silicone TV Remote Cover Compatible with Sony Bravia Smart Tv 2023 Voice Remote RMF-TX910U Remote Protective Cover with Lanyard (D-Glow in Dark Blue) [Remote NOT Included],999,4.4 out of 5 stars,"1,159 ratings",In stock,OBOE,,
439,ALLIMITY RMT-TX200P Replacement Remote Control fit for Sony Bravia LCD LED TV KDL-55W800D KDL-50W800D KDL-43W800D KDL55W800D KDL50W800D KDL43W800D,498,3.6 out of 5 stars,328 ratings,In stock,allimity,,
440,"Rissachi Super Heavy Duty TV Wall Mount Bracket for 32 to 55 Inch LED/HD/Smart TV’s, Universal Fixed TV Wall Mount Stand",549,4.4 out of 5 stars,54 ratings,In stock,Wall Mount,,
441,SKYWALL 127 cm (50 inches) 4K Ultra HD Smart LED TV 50SW-VS (Black),"22,399",4.1 stars,44 ratings,In stock,50 Inches,SKYWALL,50 Inches
442,SHIELDGUARD® Remote Control Compatible for Croma LED/LCD TV,289,4.4 out of 5 stars,7 ratings,In stock,SHIELDGUARD,,
443,Lloyd 80 cm (32 Inches) HD Ready Smart LED TV 32HS551D (Black) (2022 Model),"18,499",5.0 out of 5 stars,3 ratings,In stock,32 Inches,32HS551D,32 Inches
444,ZORBES® TPU Soft Case Compatible with Apple TV 4k 2021 Remote Prevent Scratches with Drop Protection-,699,4.4 out of 5 stars,30 ratings,In stock,ZORBES,,
445,"Upix LCD/LED Universal Remote No. URC121, Compatible/Replacement for Sony Bravia LCD/LED TV Remote Control (Black)",224,3.9 out of 5 stars,"1,804 ratings",In stock,UPIX,,
446,TCL 249 cm (98 inches) 4K Ultra HD Smart QD-Mini LED Google TV 98C755 (Black),"4,99,990",4.1 stars,126 ratings,In stock,98 Inches,98C755,98 Inches
447,Caldipree Silicone Remote Cover Case Pouch Sleeve Compatible for TCL iFFALCON Smart LED TV Remote Cover with Loop (Blue),399,4.3 out of 5 stars,169 ratings,In stock,CALDIPREE,,
448,LOHAYA TV Remote Compatible for Amazon Basics 4K Ultra HD Smart LED Fire TV Remote Control with Voice Function,449,2.7 out of 5 stars,42 ratings,In stock,LOHAYA,,
449,Sansui 140 cm (55 inches) 4K Ultra HD Certified Android LED TV JSW55ASUHD (Mystique Black),"34,990",4.2 out of 5 stars,"1,031 ratings",In stock,55 Inches,JSW55ASUHD,55 Inches
450,Oboe Silicone TV Remote Cover Case Compatible with Hisense Tv Remote VU GOLED Tv Remote Cover with Lanyard (Dark Grey) [Remote NOT Included],499,4.4 out of 5 stars,255 ratings,In stock,OBOE,,
451,OneAssist 3 Years Total Protection Plan for TV Between INR 70001-80000 (E-Mail Delivery),"5,482",4.4 out of 5 stars,20 ratings,In stock,,,
452,"LRIPL 7 in 1 Universal TV Remote Control for Oneplus, Nokia, Thomson, Kodak, Lloyd, TCL and Acer Smart LCD LED TV- No Setup Required",329,3.5 out of 5 stars,57 ratings,In stock,LRIPL,,
453,SHIELDGUARD® Remote Control No. 823 with Netflix & YouTube Functions Compatible for Sansui LED TV (No Voice Function) (Black),399,4.4 out of 5 stars,4 ratings,In stock,SHIELDGUARD,,
454,LG 164 cm (65 inches) 4K Ultra HD Smart LED TV 65UR7500PSC (Dark Iron Gray),"67,990",4.5 stars,"4,681 ratings",In stock,65 Inches,65UR7500PSC,65 Inches
455,"RISSACHI Super Heavy Duty TV Wall Mount Bracket for 23 to 42 Inch LED/LCD/Smart TV’s, Full Motion Rotatable Universal TV Wall Stand with Swivel & Tilt Adjustment",749,4.4 out of 5 stars,54 ratings,In stock,Wall Mount,,
456,7SEVEN® Compatible Hisense Tv Remote Control for Smart Android 4K LED UHD Hisense Tv and Replacement for Original Erf3r69h Model Remotes Control - Non Voice Command No Google Assistance,499,3.3 out of 5 stars,24 ratings,In stock,7 SEVEN,,
457,Astigo Compatible Remote Control for Thomson Smart led tv -Exact Same Model Remote Only Will Work(Without Voice),349,4.4 out of 5 stars,83 ratings,In stock,astigo,,
458,Westinghouse 80 cm (32 inches) Pi Series HD Ready Smart LED TV WH32SP17 (Black),"8,499",4.0 out of 5 stars,"3,368 ratings",In stock,32 Inches,WH32SP17,32 Inches
459,Hisense 139 cm (55 inches) 4K Ultra HD Smart QLED Google TV 55U6K (Gray) | Dolby Vision & Atmos | HSR 120 Mode | 32 Full Array Local Dimming Zones,"44,999",4.1 out of 5 stars,564 ratings,In stock,55,55U6K,55
460,Caldipree Silicone Heavy Duty Armor Case Cover Compatible with Sony Smart Tv Voice Remote RMF-TX520P A80J X80J X85J X90J X95J Remote Cover (Black),699,4.5 out of 5 stars,57 ratings,In stock,CALDIPREE,,
461,Oboe Silicone Tv Remote Cover Compatible with Samsung Smart Tv Remote 2023 Model TM-2360 E Remote Protective Key Cover Case with Lanyard (D-Glow in Dark Green) [Remote NOT Included],899,4.2 out of 5 stars,603 ratings,In stock,OBOE,,
462,Oboe Silicone TV Remote Cover Compatible with Sony Bravia Smart Tv 2023 Voice Remote RMF-TX910U Remote Protective Cover with Lanyard (D-Glow in Dark Blue) [Remote NOT Included],999,4.4 out of 5 stars,"1,159 ratings",In stock,OBOE,,
463,"Caprigo Super Heavy Duty TV Wall Mount Bracket for 23 to 40 Inch LED/HD/Smart TV’s, Full Motion Rotatable Universal TV Wall Mount Stand with Swivel & Tilt Adjustments (M457)",899,4.5 out of 5 stars,958 ratings,In stock,Wall Mount,,
464,ALLIMITY EN2BP27V Replacement Remote Control fit for VU LED TV LED40K16 LEDN50K310X3D LTDN55XT780XWAU3D LTDN65XT780XWAU3D 43UH 50QDV 55QDV 65QDV 75QDV 50SM 43-UH 50-QDV 55-QDV 65-QDV 75-QDV 50SM,398,3.7 out of 5 stars,394 ratings,In stock,allimity,,
465,Oboe Silicone Tv Remote Cover Compatible with Samsung Smart Tv Remote 2023 Model TM-2360 E Remote Protective Key Cover Case with Lanyard (D-Glow in Dark Green) [Remote NOT Included],899,4.2 out of 5 stars,603 ratings,In stock,OBOE,,
466,"Star Weaves Polyester Transparent Led Tv Cover For Mi 43 Inches Led Tvs (All Models) - Dustproof Television Cover Protector For 43 Inch Lcd, Led, Plasma Television",369,3.3 out of 5 stars,62 ratings,In stock,Polyester,,
467,SHIELDGUARD® Remote Control No. 823 with Netflix & YouTube Functions Compatible for Sansui LED TV (No Voice Function) (Black),399,4.4 out of 5 stars,4 ratings,In stock,SHIELDGUARD,,
468,"Redingrey™ HCY-57B 2.4GHz Rechargeable Mini Wireless Keyboard 3D Air Fly Mouse Remote Control for Android TV Box, Computers and Android Smart TV with Six Month Replacement Warranty","1,499",4.6 out of 5 stars,535 ratings,In stock,REDINGREY,,
469,Samsung 139 cm (55 inches) The Frame Series 4K Ultra HD Smart QLED TV QA55LS03BAKLXL (Black),"82,990",4.4 stars,"1,698 ratings",In stock,55 Inches,the frame,55 Inches
470,7SEVEN® Compatible for Mi Tv Remote Control Original XMRM-00A Model Bluetooth Voice Command Xiaomi Redmi Smart Android 32 43 55 65 Inch Television - Pairing Must,799,4.4 out of 5 stars,909 ratings,In stock,7 SEVEN,,
471,RAYA Silicone Cover Compatible with REALME Smart LED TV Remote Protective Case with Lanyard [Remote NOT Included] (Sky Blue),245,4.7 out of 5 stars,5 ratings,In stock,RAYA,,
472,Hyundai 80 cm (32 inches) HD Ready LED TV ATHY32HDB18W (Black),"7,999",4.1 stars,42 ratings,In stock,32 Inches,Hyundai 80 cm (32 inches) HD Ready LED TV ATHY32HDB18W (2022 Model),32 Inches
473,"SHIELDGUARD® Sanyo LED/LCD TV Remote No. 111, Compatible for Sanyo LED/LCD TV.",299,3.9 out of 5 stars,209 ratings,In stock,SHIELDGUARD,,
474,AKAI 109 cm (43) Frameless 4K Ultra HD Smart LED TV AL43U-FX1WS (Black) | Powered by WebOS,"23,999",4.1 stars,5 ratings,In stock,109 Centimetres,43 inch 4K UHD Smart,109 Centimetres
475,ZORBES® TPU Soft Case Compatible with Apple TV 4k 2021 Remote Prevent Scratches with Drop Protection-,699,4.4 out of 5 stars,30 ratings,In stock,ZORBES,,
476,Oboe Silicone Tv Remote Cover Compatible with Hisense Tv Remote ERF380 Hisense Voice Remote Protective Case with Lanyard (B-Black) [Remote NOT Included],599,4.4 out of 5 stars,255 ratings,In stock,OBOE,,
477,LOHAYA EN2BX27V Remote Replacement for VU FHD HD Android Smart TV Remote Control Model No :- 32US 43US 32GA 43GA [ Compatible for VU Smart Tv Remote Control ],299,3.4 out of 5 stars,242 ratings,In stock,LOHAYA,,
478,LOHAYA Voice Remote Compatible with Amazon Fire Tv Stick Remote Control [ 3rd Generation ],899,3.2 out of 5 stars,278 ratings,In stock,LOHAYA,,
479,SHIELDGUARD® LED TV Remote Control Compatible for Thomson Smart LED TV (Without Voice Function),299,4.4 out of 5 stars,254 ratings,Only 1 left in stock.,SHIELDGUARD,,
480,7SEVEN® Compatible for TCL Tv Remote Original RC902V Model Bezel-Series P635 Pro Series Non Voice Command Remote Control Without Google Assistant Feature Suitable for LED UHD OLED HD TCL Television,499,3.1 out of 5 stars,19 ratings,In stock,7 SEVEN,,
481,7SEVEN® Compatible Mi Tv Remote Control Original for Smart Android 4K Led UHD HD Television with Bluetooth Feature and Voice Command,699,3.3 out of 5 stars,127 ratings,In stock,7 SEVEN,,
482,Caldipree Silicone TV Remote Cover Compatible with Hisense Smart TV Remote VU GloLED Series Tv Remote Cover (Red),399,5.0 out of 5 stars,3 ratings,In stock,CALDIPREE,,
483,"7SEVEN Bluetooth Voice Command Remote for Realme Remote Control TV with Netflix, Prime Video and Google Assistant Hot Keys. Pairing Must Between TV and Remote",849,4.4 out of 5 stars,155 ratings,In stock,7 SEVEN,,
484,Westinghouse 139 cm (55 inches) Quantum Series Ultra HD LED Google TV WH55GTX40 (Black),"28,999",4.5 out of 5 stars,145 ratings,In stock,55 Inches,WH55GTX40,55 Inches
485,"astigo Compatible Remote Control for Dish Tv Set Top Box, Black",299,3.8 out of 5 stars,282 ratings,In stock,astigo,,
486,Westinghouse 139 cm (55 inches) Quantum Series Ultra HD LED Google TV WH55GTX40 (Black),"28,999",4.5 out of 5 stars,145 ratings,In stock,55 Inches,WH55GTX40,55 Inches
487,"astigo Compatible Remote Control for Dish Tv Set Top Box, Black",299,3.8 out of 5 stars,282 ratings,In stock,astigo,,
488,EWO'S Voice Remote Only for LG-Smart TV-Magic Remote Replacement AN-MR20GA AN-MR19BA AN-MR18BA AN-MR650A 2020 2019 2018 2017 Models,900,4.4 out of 5 stars,149 ratings,In stock,EWO'S,,
489,Xiaomi 138.8 cm (55 inches) 4K Ultra HD Smart Android OLED Vision TV O55M7-Z2IN (Black),"99,999",4.3 out of 5 stars,562 ratings,In stock,55 Inches,Xiaomi OLED Vision TV,55 Inches
490,V4® Bluetooth Voice Command Remote for Xiaomi Redmi Mi Smart TV with Netflix & Prime Video Hot Keys XMRM-00A - Pairing Must,599,Previous page,,In stock,V4 Gadgets,,
491,LOHAYA Remote Compatible for Sony Smart OLED 4K tv Remote Control HRM1796 H42106070467 Sony Original Replacement Remote for RM-ED RMF-TX RM-GA RM-GD RMT-TX RM-YD Series Google Play Netflix Hotkeys,449,4.4 out of 5 stars,30 ratings,In stock,LOHAYA,,
492,EvoFox Elite Ops Wireless Gamepad for Google TV and Android TV | 8+ Hours of Play Time | Zero Lag Connectivity Upto 12 Feet | USB Extender for TV Included | (Charcoal Black),"1,424",3.9 out of 5 stars,"1,660 ratings",In stock,,,
493,Acer 109 cm (43 inches) Advanced I Series 4K Ultra HD Smart LED Google TV AR43GR2851UDFL (Black),"24,999",4.1 out of 5 stars,"5,246 ratings",In stock,43 Inches,Acer 109 cm (43 inches) I Series 4K Ultra HD Smart LED Google TV AR43GR2851UDFL (Black) (2023 Model),43 Inches
494,Blaupunkt 126 cm (50 inches) Cyber Sound G2 Series 4k Ultra HD LED Google TV 50CSGT7022 (Black),"23,999",4.0 out of 5 stars,24 ratings,In stock,50 Inches,50CSGT7022,50 Inches
495,7SEVEN® Compatible Vu Tv Remote of Original en2bx27v Model and Suitable for Vu Smart Android LED UHD Television Remotes Control,349,3.5 out of 5 stars,27 ratings,In stock,7 SEVEN,,
496,TECVITY® Remote No. RMF-TX520P with Google Assistance (Voice Function) Replacement for Sony LED/ 4K Smart TV,"1,099",4.4 out of 5 stars,23 ratings,In stock,TECVITY,,
497,,,,,,,,
498,Astigo Compatible TV Remote Control for LG Smart LCD LED OLED UHD 3D 4K Webos TVs Remote Control and Replacement for AKB75095307 and AKB75095308 Smart Remote Control,299,4.4 out of 5 stars,711 ratings,In stock,astigo,,
499,LipiWorld® 6710V00109B LG TV Universal Remote Control Compatible for LG CRT TV,269,4.1 out of 5 stars,163 ratings,In stock,LipiWorld,,
500,,,,,,,,
501,Mizi iTV Wall Mount Holder Bracket Compatible with Apple TV 4K 5th / 4th Generation - Black,699,4.5 out of 5 stars,17 ratings,In stock,Mizi,,
502,OnePlusCare 2year Extended Warranty-Brand Authorised Plan for TV Between  80001-100000 (Email Delivery),"6,349",4.4 out of 5 stars,9 ratings,In stock,,,
503,Cotbolt Silicone Case Compatible for Apple TV 4k 2021 2022 2nd 3rd Generation Model Remote Cover (Blue),349,4.4 out of 5 stars,168 ratings,In stock,Cotbolt,,
504,Oboe Silicone Tv Remote Cover Compatible with Samsung Smart Tv Remote 2023 Model TM-2360 E Remote Protective Key Cover Case with Lanyard (D-Glow in Dark Blue) [Remote NOT Included],899,4.2 out of 5 stars,603 ratings,In stock,OBOE,,
505,TCL 216 cm (85 inches) 4K Ultra HD Smart LED Google TV 85P745 (Black),"1,79,990",4.1 stars,"1,402 ratings",In stock,85 Inches,85P745,85 Inches
506,"Caldipree Silicone Remote Cover Case Compatible for Fire TV Stick (3rd Gen, 2021) with All-New Alexa Voice Remote Case (Remote Not Included) (Black)",299,4.4 out of 5 stars,458 ratings,In stock,CALDIPREE,,
507,"Hybite Voice Remote Compatible/Replacement for Samsung TV Remote with Voice Function, for Samsung Crystal UHD QLED 4K 8K Smart TVs (2020/2021/ 2022) (Without Voice)",389,4.4 out of 5 stars,2 ratings,In stock,Hybite,,
508,,,,,,,,
509,,,,,,,,
510,,,,,,,,
511,,,,,,,,
512,,,,,,,,
513,,,,,,,,
514,,,,,,,,
515,,,,,,,,
516,Allimity N2QAYB000834 Remote sub N2QAYB000832 Replace for Panasonic Viera LED TV TH-32AS610G TH-50AS610K TH-32AS610M TH-50AS610G TH-42AS610K TH-50AS610M TH-42AS610G TH-42AS610M TH-L42E6M TH-L50E6M,498,4.4 out of 5 stars,89 ratings,In stock,allimity,,
517,,,,,,,,
518,,,,,,,,
519,Foxsky 101.6 cm (40 inches) Full HD Smart LED TV 40FS (Black),"13,499",3.2 out of 5 stars,798 ratings,In stock,40 Inches,40FS,40 Inches
520,,,,,,,,
521,Macho Premium Ultra Clear Glossy HD Screen Guard Scratch Protector for EV TVS IQube Scooter's Touch Screen Panel Display (Crystal Clear),299,4.6 out of 5 stars,5 ratings,In stock,MACHO - YOUR TRUST IS OUR MOTTO,,
522,,,,,,,,
523,,,,,,,,
524,,,,,,,,
525,,,,,,,,
526,,,,,,,,
527,,,,,,,,
528,,,,,,,,
529,,,,,,,,
530,,,,,,,,
531,,,,,,,,
532,,,,,,,,
533,,,,,,,,
534,,,,,,,,
535,,,,,,,,
536,,,,,,,,
537,,,,,,,,
538,,,,,,,,
539,,,,,,,,
540,,,,,,,,
541,,,,,,,,
542,,,,,,,,
543,,,,,,,,
544,,,,,,,,
545,,,,,,,,
546,,,,,,,,
547,,,,,,,,
548,,,,,,,,
549,,,,,,,,
550,,,,,,,,
551,,,,,,,,
552,,,,,,,,
553,,,,,,,,
554,,,,,,,,
555,,,,,,,,
556,Cotbolt Silicone Protective Case Cover Compatible with LG AN-MR21GA MR22GA MR23GA Magic Remote Shockproof for LG Smart TV Remote 2021 2022 2023 (Remote Not Included) (Red,399,4.1 out of 5 stars,32 ratings,In stock,Cotbolt,,
557,,,,,,,,
558,,,,,,,,
559,,,,,,,,
560,,,,,,,,
561,,,,,,,,
562,,,,,,,,
563,,,,,,,,
564,,,,,,,,
565,"Hybite® LG Compatible AKB75095307 Remote Control for LED LCD 4K UHD Smart TV with Amazon, Netflix Functions",268,3.6 out of 5 stars,4 ratings,In stock,Hybite,,
566,,,,,,,,
567,,,,,,,,
568,,,,,,,,
569,,,,,,,,
570,,,,,,,,
571,,,,,,,,
572,,,,,,,,
573,,,,,,,,
574,,,,,,,,
575,,,,,,,,
576,,,,,,,,
577,,,,,,,,
578,,,,,,,,
579,,,,,,,,
580,,,,,,,,
581,,,,,,,,
582,,,,,,,,
583,,,,,,,,
584,,,,,,,,
585,,,,,,,,
586,,,,,,,,
587,,,,,,,,
588,,,,,,,,
589,,,,,,,,
590,,,,,,,,
591,,,,,,,,
592,,,,,,,,
593,,,,,,,,
594,,,,,,,,
595,,,,,,,,
596,,,,,,,,
597,,,,,,,,
598,,,,,,,,
599,,,,,,,,
600,,,,,,,,
601,,,,,,,,
602,"LOHAYA 3 in 1 AA59-00345A,AA59-00345B,AA59-00345C Samsung CRT TV Universal Remote Control Compatible for SG58 Samsung CRT TV",299,4.0 out of 5 stars,13 ratings,In stock,LOHAYA,,
603,,,,,,,,
604,,,,,,,,
605,,,,,,,,
606,,,,,,,,
607,,,,,,,,
608,,,,,,,,
609,,,,,,,,
610,,,,,,,,
611,,,,,,,,
612,,,,,,,,
613,,,,,,,,
614,,,,,,,,
615,,,,,,,,
616,,,,,,,,
617,,,,,,,,
618,,,,,,,,
619,,,,,,,,
620,,,,,,,,
621,,,,,,,,
622,,,,,,,,
623,,,,,,,,
624,,,,,,,,
625,,,,,,,,
626,,,,,,,,
627,,,,,,,,
628,,,,,,,,
629,Oboe Silicone Tv Remote Cover Compatible with Oneplus Smart Tv Y1 LED TV Remote Protective Case with Loop (Glow in Dark Green) [Remote NOT Included],399,4.4 out of 5 stars,"1,060 ratings",In stock,OBOE,,
630,,,,,,,,
631,,,,,,,,
632,,,,,,,,
633,,,,,,,,
634,,,,,,,,
635,,,,,,,,
636,,,,,,,,
637,,,,,,,,
638,,,,,,,,
639,,,,,,,,
640,,,,,,,,
641,,,,,,,,
642,,,,,,,,
643,,,,,,,,
644,,,,,,,,
645,,,,,,,,
646,,,,,,,,
647,,,,,,,,
648,,,,,,,,
649,REALMERCURY 32 InchAndroid 11 with Voice Control Remot| Black |,"12,926",5.0 out of 5 stars,1 rating,In stock,32 Centimetres,,32 Centimetres
650,,,,,,,,
651,,,,,,,,
652,,,,,,,,
653,,,,,,,,
654,,,,,,,,
655,,,,,,,,
656,,,,,,,,
657,,,,,,,,
658,,,,,,,,
659,,,,,,,,
660,,,,,,,,
661,,,,,,,,
662,,,,,,,,
663,,,,,,,,
664,,,,,,,,
665,,,,,,,,
666,,,,,,,,
667,,,,,,,,
668,"SHIELDGUARD® Remote Control No. 594, Compatible for Impex LED TV (Black)",349,4.2 out of 5 stars,6 ratings,In stock,SHIELDGUARD,,
669,,,,,,,,
670,,,,,,,,
671,,,,,,,,
672,,,,,,,,
673,INNOVIX Universal Remote Control for LG Smart TV Magic Remote Witch AI Voice Fuction Compatible with All Models for LG TV Black,"1,299",Previous page,,In stock,INNOVIX,,
674,,,,,,,,
675,,,,,,,,
676,,,,,,,,
677,,,,,,,,
678,,,,,,,,
679,,,,,,,,
680,,,,,,,,
681,,,,,,,,
682,,,,,,,,
683,,,,,,,,
684,,,,,,,,
685,,,,,,,,
686,,,,,,,,
687,,,,,,,,
688,,,,,,,,
689,,,,,,,,
690,,,,,,,,
691,,,,,,,,
692,,,,,,,,
693,,,,,,,,
694,LCD led tv Wall Mount Stand 14 inch to 32 inch Ceiling Mount Bracket for Smart led tv LCD (14 inch to 32 inch),280,5.0 out of 5 stars,2 ratings,In stock,Wall Mount,,
695,,,,,,,,
696,,,,,,,,
697,,,,,,,,
698,,,,,,,,
699,,,,,,,,
700,,,,,,,,
701,,,,,,,,
702,,,,,,,,
703,,,,,,,,
704,,,,,,,,
705,,,,,,,,
706,,,,,,,,
707,,,,,,,,
708,,,,,,,,
709,,,,,,,,
710,,,,,,,,
711,,,,,,,,
712,,,,,,,,
713,,,,,,,,
714,,,,,,,,
715,,,,,,,,
716,,,,,,,,
717,,,,,,,,
718,,,,,,,,
719,,,,,,,,
720,,,,,,,,
721,,,,,,,,
722,,,,,,,,
723,,,,,,,,
724,,,,,,,,
725,,,,,,,,
726,,,,,,,,
727,,,,,,,,
728,,,,,,,,
729,,,,,,,,
730,,,,,,,,
731,,,,,,,,
732,,,,,,,,
733,,,,,,,,
734,,,,,,,,
735,,,,,,,,
736,,,,,,,,
737,,,,,,,,
738,,,,,,,,
739,,,,,,,,
740,,,,,,,,
741,,,,,,,,
742,,,,,,,,
743,,,,,,,,
744,,,,,,,,
745,,,,,,,,
746,,,,,,,,
747,,,,,,,,
748,,,,,,,,
749,,,,,,,,
750,,,,,,,,
751,,,,,,,,
752,"VIRERA Infrared Remote Control for Realme Smart 4K Android LED OLED QLED TV Replacement for Original realme Remote with Netflix, Prime Video and YouTube Hot Keys - Non Voice Remote.",399,Previous page,,In stock,,,
753,,,,,,,,
754,,,,,,,,
755,Ehop Compatible Remote Control for Impex LED LCD TV(Please Match Your existing Remote Control -Only Same Remote Will Work),399,5.0 out of 5 stars,1 rating,In stock,EHOP,,
